Domain Code,Domain,Area Code (M49),Area,Element Code,Element,Item Code (CPC),Item,Year Code,Year,Unit,Value,Flag,Flag Description,Note
"QCL","Crops and livestock products","586","Pakistan","5510","Production","01921.02","Cotton lint, ginned","1961","1961","t","324100","A","Official value",""
"QCL","Crops and livestock products","586","Pakistan","5510","Production","01921.02","Cotton lint, ginned","1962","1962","t","366300","A","Official value",""
"QCL","Crops and livestock products","586","Pakistan","5510","Production","01921.02","Cotton lint, ginned","1963","1963","t","418500","A","Official value",""
"QCL","Crops and livestock products","586","Pakistan","5510","Production","01921.02","Cotton lint, ginned","1964","1964","t","377600","A","Official value",""
"QCL","Crops and livestock products","586","Pakistan","5510","Production","01921.02","Cotton lint, ginned","1965","1965","t","417000","A","Official value",""
"QCL","Crops and livestock products","586","Pakistan","5510","Production","01921.02","Cotton lint, ginned","1966","1966","t","465946","A","Official value",""
"QCL","Crops and livestock products","586","Pakistan","5510","Production","01921.02","Cotton lint, ginned","1967","1967","t","520368","A","Official value",""
"QCL","Crops and livestock products","586","Pakistan","5510","Production","01921.02","Cotton lint, ginned","1968","1968","t","529040","A","Official value",""
"QCL","Crops and livestock products","586","Pakistan","5510","Production","01921.02","Cotton lint, ginned","1969","1969","t","535545","A","Official value",""
"QCL","Crops and livestock products","586","Pakistan","5510","Production","01921.02","Cotton lint, ginned","1970","1970","t","542484","A","Official value",""
"QCL","Crops and livestock products","586","Pakistan","5510","Production","01921.02","Cotton lint, ginned","1971","1971","t","707484","A","Official value",""
"QCL","Crops and livestock products","586","Pakistan","5510","Production","01921.02","Cotton lint, ginned","1972","1972","t","701846","A","Official value",""
"QCL","Crops and livestock products","586","Pakistan","5510","Production","01921.02","Cotton lint, ginned","1973","1973","t","658481","A","Official value",""
"QCL","Crops and livestock products","586","Pakistan","5510","Production","01921.02","Cotton lint, ginned","1974","1974","t","634199","A","Official value",""
"QCL","Crops and livestock products","586","Pakistan","5510","Production","01921.02","Cotton lint, ginned","1975","1975","t","513868","A","Official value",""
"QCL","Crops and livestock products","586","Pakistan","5510","Production","01921.02","Cotton lint, ginned","1976","1976","t","434900","A","Official value",""
"QCL","Crops and livestock products","586","Pakistan","5510","Production","01921.02","Cotton lint, ginned","1977","1977","t","574800","A","Official value",""
"QCL","Crops and livestock products","586","Pakistan","5510","Production","01921.02","Cotton lint, ginned","1978","1978","t","473200","A","Official value",""
"QCL","Crops and livestock products","586","Pakistan","5510","Production","01921.02","Cotton lint, ginned","1979","1979","t","728200","A","Official value",""
"QCL","Crops and livestock products","586","Pakistan","5510","Production","01921.02","Cotton lint, ginned","1980","1980","t","714500","A","Official value",""
"QCL","Crops and livestock products","586","Pakistan","5510","Production","01921.02","Cotton lint, ginned","1981","1981","t","748000","A","Official value",""
"QCL","Crops and livestock products","586","Pakistan","5510","Production","01921.02","Cotton lint, ginned","1982","1982","t","823900","A","Official value",""
"QCL","Crops and livestock products","586","Pakistan","5510","Production","01921.02","Cotton lint, ginned","1983","1983","t","494589","A","Official value",""
"QCL","Crops and livestock products","586","Pakistan","5510","Production","01921.02","Cotton lint, ginned","1984","1984","t","1008571","A","Official value",""
"QCL","Crops and livestock products","586","Pakistan","5510","Production","01921.02","Cotton lint, ginned","1985","1985","t","1216500","A","Official value",""
"QCL","Crops and livestock products","586","Pakistan","5510","Production","01921.02","Cotton lint, ginned","1986","1986","t","1319500","A","Official value",""
"QCL","Crops and livestock products","586","Pakistan","5510","Production","01921.02","Cotton lint, ginned","1987","1987","t","1468180","A","Official value",""
"QCL","Crops and livestock products","586","Pakistan","5510","Production","01921.02","Cotton lint, ginned","1988","1988","t","1426037","A","Official value",""
"QCL","Crops and livestock products","586","Pakistan","5510","Production","01921.02","Cotton lint, ginned","1989","1989","t","1455748","A","Official value",""
"QCL","Crops and livestock products","586","Pakistan","5510","Production","01921.02","Cotton lint, ginned","1990","1990","t","1637580","A","Official value",""
"QCL","Crops and livestock products","586","Pakistan","5510","Production","01921.02","Cotton lint, ginned","1991","1991","t","2180930","A","Official value",""
"QCL","Crops and livestock products","586","Pakistan","5510","Production","01921.02","Cotton lint, ginned","1992","1992","t","1539960","A","Official value",""
"QCL","Crops and livestock products","586","Pakistan","5510","Production","01921.02","Cotton lint, ginned","1993","1993","t","1367710","A","Official value",""
"QCL","Crops and livestock products","586","Pakistan","5510","Production","01921.02","Cotton lint, ginned","1994","1994","t","1479290","A","Official value",""
"QCL","Crops and livestock products","586","Pakistan","5510","Production","01921.02","Cotton lint, ginned","1995","1995","t","1802086","A","Official value",""
"QCL","Crops and livestock products","586","Pakistan","5510","Production","01921.02","Cotton lint, ginned","1996","1996","t","1594457","A","Official value",""
"QCL","Crops and livestock products","586","Pakistan","5510","Production","01921.02","Cotton lint, ginned","1997","1997","t","1563000","A","Official value",""
"QCL","Crops and livestock products","586","Pakistan","5510","Production","01921.02","Cotton lint, ginned","1998","1998","t","1496000","A","Official value",""
"QCL","Crops and livestock products","586","Pakistan","5510","Production","01921.02","Cotton lint, ginned","1999","1999","t","1911812","A","Official value",""
"QCL","Crops and livestock products","586","Pakistan","5510","Production","01921.02","Cotton lint, ginned","2000","2000","t","1825389","A","Official value",""
"QCL","Crops and livestock products","586","Pakistan","5510","Production","01921.02","Cotton lint, ginned","2001","2001","t","1805200","A","Official value",""
"QCL","Crops and livestock products","586","Pakistan","5510","Production","01921.02","Cotton lint, ginned","2002","2002","t","1736800","A","Official value",""
"QCL","Crops and livestock products","586","Pakistan","5510","Production","01921.02","Cotton lint, ginned","2003","2003","t","1709100","A","Official value",""
"QCL","Crops and livestock products","586","Pakistan","5510","Production","01921.02","Cotton lint, ginned","2004","2004","t","2426500","A","Official value",""
"QCL","Crops and livestock products","586","Pakistan","5510","Production","01921.02","Cotton lint, ginned","2005","2005","t","2214475","A","Official value",""
"QCL","Crops and livestock products","586","Pakistan","5510","Production","01921.02","Cotton lint, ginned","2006","2006","t","2083792","A","Official value",""
"QCL","Crops and livestock products","586","Pakistan","5510","Production","01921.02","Cotton lint, ginned","2007","2007","t","1892276","A","Official value",""
"QCL","Crops and livestock products","586","Pakistan","5510","Production","01921.02","Cotton lint, ginned","2008","2008","t","1923264","A","Official value",""
"QCL","Crops and livestock products","586","Pakistan","5510","Production","01921.02","Cotton lint, ginned","2009","2009","t","2111400","A","Official value",""
"QCL","Crops and livestock products","586","Pakistan","5510","Production","01921.02","Cotton lint, ginned","2010","2010","t","1949000","A","Official value",""
"QCL","Crops and livestock products","586","Pakistan","5510","Production","01921.02","Cotton lint, ginned","2011","2011","t","2312000","A","Official value",""
"QCL","Crops and livestock products","586","Pakistan","5510","Production","01921.02","Cotton lint, ginned","2012","2012","t","2217000","A","Official value",""
"QCL","Crops and livestock products","586","Pakistan","5510","Production","01921.02","Cotton lint, ginned","2013","2013","t","2171948","A","Official value",""
"QCL","Crops and livestock products","586","Pakistan","5510","Production","01921.02","Cotton lint, ginned","2014","2014","t","2374481","A","Official value",""
"QCL","Crops and livestock products","586","Pakistan","5510","Production","01921.02","Cotton lint, ginned","2015","2015","t","1686922","A","Official value",""
"QCL","Crops and livestock products","586","Pakistan","5510","Production","01921.02","Cotton lint, ginned","2016","2016","t","1815038","A","Official value",""
"QCL","Crops and livestock products","586","Pakistan","5510","Production","01921.02","Cotton lint, ginned","2017","2017","t","2031909","A","Official value",""
"QCL","Crops and livestock products","586","Pakistan","5510","Production","01921.02","Cotton lint, ginned","2018","2018","t","1677287","A","Official value",""
"QCL","Crops and livestock products","586","Pakistan","5510","Production","01921.02","Cotton lint, ginned","2019","2019","t","1556052","A","Official value",""
"QCL","Crops and livestock products","586","Pakistan","5510","Production","01921.02","Cotton lint, ginned","2020","2020","t","1201550","A","Official value",""
"QCL","Crops and livestock products","586","Pakistan","5510","Production","01921.02","Cotton lint, ginned","2021","2021","t","1416706","A","Official value",""
"QCL","Crops and livestock products","586","Pakistan","5510","Production","01921.02","Cotton lint, ginned","2022","2022","t","835101","A","Official value",""
"QCL","Crops and livestock products","586","Pakistan","5510","Production","01921.02","Cotton lint, ginned","2023","2023","t","1738839","A","Official value",""
"QCL","Crops and livestock products","586","Pakistan","5312","Area harvested","0112","Maize (corn)","1961","1961","ha","473083","A","Official value",""
"QCL","Crops and livestock products","586","Pakistan","5412","Yield","0112","Maize (corn)","1961","1961","kg/ha","1030.9","A","Official value",""
"QCL","Crops and livestock products","586","Pakistan","5510","Production","0112","Maize (corn)","1961","1961","t","487680","A","Official value",""
"QCL","Crops and livestock products","586","Pakistan","5312","Area harvested","0112","Maize (corn)","1962","1962","ha","458514","A","Official value",""
"QCL","Crops and livestock products","586","Pakistan","5412","Yield","0112","Maize (corn)","1962","1962","kg/ha","1052.5","A","Official value",""
"QCL","Crops and livestock products","586","Pakistan","5510","Production","0112","Maize (corn)","1962","1962","t","482600","A","Official value",""
"QCL","Crops and livestock products","586","Pakistan","5312","Area harvested","0112","Maize (corn)","1963","1963","ha","500197","A","Official value",""
"QCL","Crops and livestock products","586","Pakistan","5412","Yield","0112","Maize (corn)","1963","1963","kg/ha","1052.2","A","Official value",""
"QCL","Crops and livestock products","586","Pakistan","5510","Production","0112","Maize (corn)","1963","1963","t","526300","A","Official value",""
"QCL","Crops and livestock products","586","Pakistan","5312","Area harvested","0112","Maize (corn)","1964","1964","ha","486437","A","Official value",""
"QCL","Crops and livestock products","586","Pakistan","5412","Yield","0112","Maize (corn)","1964","1964","kg/ha","1086.1","A","Official value",""
"QCL","Crops and livestock products","586","Pakistan","5510","Production","0112","Maize (corn)","1964","1964","t","528300","A","Official value",""
"QCL","Crops and livestock products","586","Pakistan","5312","Area harvested","0112","Maize (corn)","1965","1965","ha","541880","A","Official value",""
"QCL","Crops and livestock products","586","Pakistan","5412","Yield","0112","Maize (corn)","1965","1965","kg/ha","995.6","A","Official value",""
"QCL","Crops and livestock products","586","Pakistan","5510","Production","0112","Maize (corn)","1965","1965","t","539500","A","Official value",""
"QCL","Crops and livestock products","586","Pakistan","5312","Area harvested","0112","Maize (corn)","1966","1966","ha","553616","A","Official value",""
"QCL","Crops and livestock products","586","Pakistan","5412","Yield","0112","Maize (corn)","1966","1966","kg/ha","1060.8","A","Official value",""
"QCL","Crops and livestock products","586","Pakistan","5510","Production","0112","Maize (corn)","1966","1966","t","587250","A","Official value",""
"QCL","Crops and livestock products","586","Pakistan","5312","Area harvested","0112","Maize (corn)","1967","1967","ha","607844","A","Official value",""
"QCL","Crops and livestock products","586","Pakistan","5412","Yield","0112","Maize (corn)","1967","1967","kg/ha","1302.1","A","Official value",""
"QCL","Crops and livestock products","586","Pakistan","5510","Production","0112","Maize (corn)","1967","1967","t","791500","A","Official value",""
"QCL","Crops and livestock products","586","Pakistan","5312","Area harvested","0112","Maize (corn)","1968","1968","ha","616343","A","Official value",""
"QCL","Crops and livestock products","586","Pakistan","5412","Yield","0112","Maize (corn)","1968","1968","kg/ha","1015.5","A","Official value",""
"QCL","Crops and livestock products","586","Pakistan","5510","Production","0112","Maize (corn)","1968","1968","t","625900","A","Official value",""
"QCL","Crops and livestock products","586","Pakistan","5312","Area harvested","0112","Maize (corn)","1969","1969","ha","647500","A","Official value",""
"QCL","Crops and livestock products","586","Pakistan","5412","Yield","0112","Maize (corn)","1969","1969","kg/ha","1030.9","A","Official value",""
"QCL","Crops and livestock products","586","Pakistan","5510","Production","0112","Maize (corn)","1969","1969","t","667500","A","Official value",""
"QCL","Crops and livestock products","586","Pakistan","5312","Area harvested","0112","Maize (corn)","1970","1970","ha","640000","A","Official value",""
"QCL","Crops and livestock products","586","Pakistan","5412","Yield","0112","Maize (corn)","1970","1970","kg/ha","1120.8","A","Official value",""
"QCL","Crops and livestock products","586","Pakistan","5510","Production","0112","Maize (corn)","1970","1970","t","717300","A","Official value",""
"QCL","Crops and livestock products","586","Pakistan","5312","Area harvested","0112","Maize (corn)","1971","1971","ha","633000","A","Official value",""
"QCL","Crops and livestock products","586","Pakistan","5412","Yield","0112","Maize (corn)","1971","1971","kg/ha","1113.9","A","Official value",""
"QCL","Crops and livestock products","586","Pakistan","5510","Production","0112","Maize (corn)","1971","1971","t","705100","A","Official value",""
"QCL","Crops and livestock products","586","Pakistan","5312","Area harvested","0112","Maize (corn)","1972","1972","ha","644979","A","Official value",""
"QCL","Crops and livestock products","586","Pakistan","5412","Yield","0112","Maize (corn)","1972","1972","kg/ha","1094.5","A","Official value",""
"QCL","Crops and livestock products","586","Pakistan","5510","Production","0112","Maize (corn)","1972","1972","t","705952","A","Official value",""
"QCL","Crops and livestock products","586","Pakistan","5312","Area harvested","0112","Maize (corn)","1973","1973","ha","632652","A","Official value",""
"QCL","Crops and livestock products","586","Pakistan","5412","Yield","0112","Maize (corn)","1973","1973","kg/ha","1213.5","A","Official value",""
"QCL","Crops and livestock products","586","Pakistan","5510","Production","0112","Maize (corn)","1973","1973","t","767727","A","Official value",""
"QCL","Crops and livestock products","586","Pakistan","5312","Area harvested","0112","Maize (corn)","1974","1974","ha","613672","A","Official value",""
"QCL","Crops and livestock products","586","Pakistan","5412","Yield","0112","Maize (corn)","1974","1974","kg/ha","1217.1","A","Official value",""
"QCL","Crops and livestock products","586","Pakistan","5510","Production","0112","Maize (corn)","1974","1974","t","746898","A","Official value",""
"QCL","Crops and livestock products","586","Pakistan","5312","Area harvested","0112","Maize (corn)","1975","1975","ha","619970","A","Official value",""
"QCL","Crops and livestock products","586","Pakistan","5412","Yield","0112","Maize (corn)","1975","1975","kg/ha","1294.4","A","Official value",""
"QCL","Crops and livestock products","586","Pakistan","5510","Production","0112","Maize (corn)","1975","1975","t","802476","A","Official value",""
"QCL","Crops and livestock products","586","Pakistan","5312","Area harvested","0112","Maize (corn)","1976","1976","ha","623992","A","Official value",""
"QCL","Crops and livestock products","586","Pakistan","5412","Yield","0112","Maize (corn)","1976","1976","kg/ha","1224.2","A","Official value",""
"QCL","Crops and livestock products","586","Pakistan","5510","Production","0112","Maize (corn)","1976","1976","t","763866","A","Official value",""
"QCL","Crops and livestock products","586","Pakistan","5312","Area harvested","0112","Maize (corn)","1977","1977","ha","656100","A","Official value",""
"QCL","Crops and livestock products","586","Pakistan","5412","Yield","0112","Maize (corn)","1977","1977","kg/ha","1251.2","A","Official value",""
"QCL","Crops and livestock products","586","Pakistan","5510","Production","0112","Maize (corn)","1977","1977","t","820900","A","Official value",""
"QCL","Crops and livestock products","586","Pakistan","5312","Area harvested","0112","Maize (corn)","1978","1978","ha","650200","A","Official value",""
"QCL","Crops and livestock products","586","Pakistan","5412","Yield","0112","Maize (corn)","1978","1978","kg/ha","1228.2","A","Official value",""
"QCL","Crops and livestock products","586","Pakistan","5510","Production","0112","Maize (corn)","1978","1978","t","798600","A","Official value",""
"QCL","Crops and livestock products","586","Pakistan","5312","Area harvested","0112","Maize (corn)","1979","1979","ha","701100","A","Official value",""
"QCL","Crops and livestock products","586","Pakistan","5412","Yield","0112","Maize (corn)","1979","1979","kg/ha","1248.3","A","Official value",""
"QCL","Crops and livestock products","586","Pakistan","5510","Production","0112","Maize (corn)","1979","1979","t","875200","A","Official value",""
"QCL","Crops and livestock products","586","Pakistan","5312","Area harvested","0112","Maize (corn)","1980","1980","ha","769000","A","Official value",""
"QCL","Crops and livestock products","586","Pakistan","5412","Yield","0112","Maize (corn)","1980","1980","kg/ha","1261.9","A","Official value",""
"QCL","Crops and livestock products","586","Pakistan","5510","Production","0112","Maize (corn)","1980","1980","t","970400","A","Official value",""
"QCL","Crops and livestock products","586","Pakistan","5312","Area harvested","0112","Maize (corn)","1981","1981","ha","739100","A","Official value",""
"QCL","Crops and livestock products","586","Pakistan","5412","Yield","0112","Maize (corn)","1981","1981","kg/ha","1258.8","A","Official value",""
"QCL","Crops and livestock products","586","Pakistan","5510","Production","0112","Maize (corn)","1981","1981","t","930400","A","Official value",""
"QCL","Crops and livestock products","586","Pakistan","5312","Area harvested","0112","Maize (corn)","1982","1982","ha","789800","A","Official value",""
"QCL","Crops and livestock products","586","Pakistan","5412","Yield","0112","Maize (corn)","1982","1982","kg/ha","1273","A","Official value",""
"QCL","Crops and livestock products","586","Pakistan","5510","Production","0112","Maize (corn)","1982","1982","t","1005400","A","Official value",""
"QCL","Crops and livestock products","586","Pakistan","5312","Area harvested","0112","Maize (corn)","1983","1983","ha","798000","A","Official value",""
"QCL","Crops and livestock products","586","Pakistan","5412","Yield","0112","Maize (corn)","1983","1983","kg/ha","1270.1","A","Official value",""
"QCL","Crops and livestock products","586","Pakistan","5510","Production","0112","Maize (corn)","1983","1983","t","1013500","A","Official value",""
"QCL","Crops and livestock products","586","Pakistan","5312","Area harvested","0112","Maize (corn)","1984","1984","ha","808800","A","Official value",""
"QCL","Crops and livestock products","586","Pakistan","5412","Yield","0112","Maize (corn)","1984","1984","kg/ha","1270.5","A","Official value",""
"QCL","Crops and livestock products","586","Pakistan","5510","Production","0112","Maize (corn)","1984","1984","t","1027600","A","Official value",""
"QCL","Crops and livestock products","586","Pakistan","5312","Area harvested","0112","Maize (corn)","1985","1985","ha","803900","A","Official value",""
"QCL","Crops and livestock products","586","Pakistan","5412","Yield","0112","Maize (corn)","1985","1985","kg/ha","1255.6","A","Official value",""
"QCL","Crops and livestock products","586","Pakistan","5510","Production","0112","Maize (corn)","1985","1985","t","1009400","A","Official value",""
"QCL","Crops and livestock products","586","Pakistan","5312","Area harvested","0112","Maize (corn)","1986","1986","ha","816200","A","Official value",""
"QCL","Crops and livestock products","586","Pakistan","5412","Yield","0112","Maize (corn)","1986","1986","kg/ha","1361.4","A","Official value",""
"QCL","Crops and livestock products","586","Pakistan","5510","Production","0112","Maize (corn)","1986","1986","t","1111200","A","Official value",""
"QCL","Crops and livestock products","586","Pakistan","5312","Area harvested","0112","Maize (corn)","1987","1987","ha","853900","A","Official value",""
"QCL","Crops and livestock products","586","Pakistan","5412","Yield","0112","Maize (corn)","1987","1987","kg/ha","1319.7","A","Official value",""
"QCL","Crops and livestock products","586","Pakistan","5510","Production","0112","Maize (corn)","1987","1987","t","1126900","A","Official value",""
"QCL","Crops and livestock products","586","Pakistan","5312","Area harvested","0112","Maize (corn)","1988","1988","ha","865800","A","Official value",""
"QCL","Crops and livestock products","586","Pakistan","5412","Yield","0112","Maize (corn)","1988","1988","kg/ha","1390.7","A","Official value",""
"QCL","Crops and livestock products","586","Pakistan","5510","Production","0112","Maize (corn)","1988","1988","t","1204100","A","Official value",""
"QCL","Crops and livestock products","586","Pakistan","5312","Area harvested","0112","Maize (corn)","1989","1989","ha","862900","A","Official value",""
"QCL","Crops and livestock products","586","Pakistan","5412","Yield","0112","Maize (corn)","1989","1989","kg/ha","1366.7","A","Official value",""
"QCL","Crops and livestock products","586","Pakistan","5510","Production","0112","Maize (corn)","1989","1989","t","1179300","A","Official value",""
"QCL","Crops and livestock products","586","Pakistan","5312","Area harvested","0112","Maize (corn)","1990","1990","ha","845200","A","Official value",""
"QCL","Crops and livestock products","586","Pakistan","5412","Yield","0112","Maize (corn)","1990","1990","kg/ha","1401.4","A","Official value",""
"QCL","Crops and livestock products","586","Pakistan","5510","Production","0112","Maize (corn)","1990","1990","t","1184500","A","Official value",""
"QCL","Crops and livestock products","586","Pakistan","5312","Area harvested","0112","Maize (corn)","1991","1991","ha","845200","A","Official value",""
"QCL","Crops and livestock products","586","Pakistan","5412","Yield","0112","Maize (corn)","1991","1991","kg/ha","1423.5","A","Official value",""
"QCL","Crops and livestock products","586","Pakistan","5510","Production","0112","Maize (corn)","1991","1991","t","1203100","A","Official value",""
"QCL","Crops and livestock products","586","Pakistan","5312","Area harvested","0112","Maize (corn)","1992","1992","ha","847500","A","Official value",""
"QCL","Crops and livestock products","586","Pakistan","5412","Yield","0112","Maize (corn)","1992","1992","kg/ha","1396.6","A","Official value",""
"QCL","Crops and livestock products","586","Pakistan","5510","Production","0112","Maize (corn)","1992","1992","t","1183600","A","Official value",""
"QCL","Crops and livestock products","586","Pakistan","5312","Area harvested","0112","Maize (corn)","1993","1993","ha","867500","A","Official value",""
"QCL","Crops and livestock products","586","Pakistan","5412","Yield","0112","Maize (corn)","1993","1993","kg/ha","1398.3","A","Official value",""
"QCL","Crops and livestock products","586","Pakistan","5510","Production","0112","Maize (corn)","1993","1993","t","1213000","A","Official value",""
"QCL","Crops and livestock products","586","Pakistan","5312","Area harvested","0112","Maize (corn)","1994","1994","ha","878500","A","Official value",""
"QCL","Crops and livestock products","586","Pakistan","5412","Yield","0112","Maize (corn)","1994","1994","kg/ha","1500.4","A","Official value",""
"QCL","Crops and livestock products","586","Pakistan","5510","Production","0112","Maize (corn)","1994","1994","t","1318100","A","Official value",""
"QCL","Crops and livestock products","586","Pakistan","5312","Area harvested","0112","Maize (corn)","1995","1995","ha","889500","A","Official value",""
"QCL","Crops and livestock products","586","Pakistan","5412","Yield","0112","Maize (corn)","1995","1995","kg/ha","1690.8","A","Official value",""
"QCL","Crops and livestock products","586","Pakistan","5510","Production","0112","Maize (corn)","1995","1995","t","1504000","A","Official value",""
"QCL","Crops and livestock products","586","Pakistan","5312","Area harvested","0112","Maize (corn)","1996","1996","ha","938700","A","Official value",""
"QCL","Crops and livestock products","586","Pakistan","5412","Yield","0112","Maize (corn)","1996","1996","kg/ha","1588.4","A","Official value",""
"QCL","Crops and livestock products","586","Pakistan","5510","Production","0112","Maize (corn)","1996","1996","t","1491000","A","Official value",""
"QCL","Crops and livestock products","586","Pakistan","5312","Area harvested","0112","Maize (corn)","1997","1997","ha","927700","A","Official value",""
"QCL","Crops and livestock products","586","Pakistan","5412","Yield","0112","Maize (corn)","1997","1997","kg/ha","1635.2","A","Official value",""
"QCL","Crops and livestock products","586","Pakistan","5510","Production","0112","Maize (corn)","1997","1997","t","1517000","A","Official value",""
"QCL","Crops and livestock products","586","Pakistan","5312","Area harvested","0112","Maize (corn)","1998","1998","ha","932600","A","Official value",""
"QCL","Crops and livestock products","586","Pakistan","5412","Yield","0112","Maize (corn)","1998","1998","kg/ha","1785.3","A","Official value",""
"QCL","Crops and livestock products","586","Pakistan","5510","Production","0112","Maize (corn)","1998","1998","t","1665000","A","Official value",""
"QCL","Crops and livestock products","586","Pakistan","5312","Area harvested","0112","Maize (corn)","1999","1999","ha","962200","A","Official value",""
"QCL","Crops and livestock products","586","Pakistan","5412","Yield","0112","Maize (corn)","1999","1999","kg/ha","1716.9","A","Official value",""
"QCL","Crops and livestock products","586","Pakistan","5510","Production","0112","Maize (corn)","1999","1999","t","1652000","A","Official value",""
"QCL","Crops and livestock products","586","Pakistan","5312","Area harvested","0112","Maize (corn)","2000","2000","ha","961700","A","Official value",""
"QCL","Crops and livestock products","586","Pakistan","5412","Yield","0112","Maize (corn)","2000","2000","kg/ha","1708.6","A","Official value",""
"QCL","Crops and livestock products","586","Pakistan","5510","Production","0112","Maize (corn)","2000","2000","t","1643200","A","Official value",""
"QCL","Crops and livestock products","586","Pakistan","5312","Area harvested","0112","Maize (corn)","2001","2001","ha","944000","A","Official value",""
"QCL","Crops and livestock products","586","Pakistan","5412","Yield","0112","Maize (corn)","2001","2001","kg/ha","1763.1","A","Official value",""
"QCL","Crops and livestock products","586","Pakistan","5510","Production","0112","Maize (corn)","2001","2001","t","1664400","A","Official value",""
"QCL","Crops and livestock products","586","Pakistan","5312","Area harvested","0112","Maize (corn)","2002","2002","ha","941600","A","Official value",""
"QCL","Crops and livestock products","586","Pakistan","5412","Yield","0112","Maize (corn)","2002","2002","kg/ha","1844.8","A","Official value",""
"QCL","Crops and livestock products","586","Pakistan","5510","Production","0112","Maize (corn)","2002","2002","t","1737100","A","Official value",""
"QCL","Crops and livestock products","586","Pakistan","5312","Area harvested","0112","Maize (corn)","2003","2003","ha","947100","A","Official value",""
"QCL","Crops and livestock products","586","Pakistan","5412","Yield","0112","Maize (corn)","2003","2003","kg/ha","2003.4","A","Official value",""
"QCL","Crops and livestock products","586","Pakistan","5510","Production","0112","Maize (corn)","2003","2003","t","1897400","A","Official value",""
"QCL","Crops and livestock products","586","Pakistan","5312","Area harvested","0112","Maize (corn)","2004","2004","ha","981800","A","Official value",""
"QCL","Crops and livestock products","586","Pakistan","5412","Yield","0112","Maize (corn)","2004","2004","kg/ha","2848.8","A","Official value",""
"QCL","Crops and livestock products","586","Pakistan","5510","Production","0112","Maize (corn)","2004","2004","t","2797000","A","Official value",""
"QCL","Crops and livestock products","586","Pakistan","5312","Area harvested","0112","Maize (corn)","2005","2005","ha","1042000","A","Official value",""
"QCL","Crops and livestock products","586","Pakistan","5412","Yield","0112","Maize (corn)","2005","2005","kg/ha","2984.3","A","Official value",""
"QCL","Crops and livestock products","586","Pakistan","5510","Production","0112","Maize (corn)","2005","2005","t","3109600","A","Official value",""
"QCL","Crops and livestock products","586","Pakistan","5312","Area harvested","0112","Maize (corn)","2006","2006","ha","1017000","A","Official value",""
"QCL","Crops and livestock products","586","Pakistan","5412","Yield","0112","Maize (corn)","2006","2006","kg/ha","3036.8","A","Official value",""
"QCL","Crops and livestock products","586","Pakistan","5510","Production","0112","Maize (corn)","2006","2006","t","3088400","A","Official value",""
"QCL","Crops and livestock products","586","Pakistan","5312","Area harvested","0112","Maize (corn)","2007","2007","ha","1052000","A","Official value",""
"QCL","Crops and livestock products","586","Pakistan","5412","Yield","0112","Maize (corn)","2007","2007","kg/ha","3426.5","A","Official value",""
"QCL","Crops and livestock products","586","Pakistan","5510","Production","0112","Maize (corn)","2007","2007","t","3604700","A","Official value",""
"QCL","Crops and livestock products","586","Pakistan","5312","Area harvested","0112","Maize (corn)","2008","2008","ha","1052000","A","Official value",""
"QCL","Crops and livestock products","586","Pakistan","5412","Yield","0112","Maize (corn)","2008","2008","kg/ha","3415.4","A","Official value",""
"QCL","Crops and livestock products","586","Pakistan","5510","Production","0112","Maize (corn)","2008","2008","t","3593000","A","Official value",""
"QCL","Crops and livestock products","586","Pakistan","5312","Area harvested","0112","Maize (corn)","2009","2009","ha","935100","A","Official value",""
"QCL","Crops and livestock products","586","Pakistan","5412","Yield","0112","Maize (corn)","2009","2009","kg/ha","3487.9","A","Official value",""
"QCL","Crops and livestock products","586","Pakistan","5510","Production","0112","Maize (corn)","2009","2009","t","3261500","A","Official value",""
"QCL","Crops and livestock products","586","Pakistan","5312","Area harvested","0112","Maize (corn)","2010","2010","ha","974180","A","Official value",""
"QCL","Crops and livestock products","586","Pakistan","5412","Yield","0112","Maize (corn)","2010","2010","kg/ha","3805.2","A","Official value",""
"QCL","Crops and livestock products","586","Pakistan","5510","Production","0112","Maize (corn)","2010","2010","t","3706910","A","Official value",""
"QCL","Crops and livestock products","586","Pakistan","5312","Area harvested","0112","Maize (corn)","2011","2011","ha","1087400","A","Official value",""
"QCL","Crops and livestock products","586","Pakistan","5412","Yield","0112","Maize (corn)","2011","2011","kg/ha","3989.7","A","Official value",""
"QCL","Crops and livestock products","586","Pakistan","5510","Production","0112","Maize (corn)","2011","2011","t","4338380","A","Official value",""
"QCL","Crops and livestock products","586","Pakistan","5312","Area harvested","0112","Maize (corn)","2012","2012","ha","1059540","A","Official value",""
"QCL","Crops and livestock products","586","Pakistan","5412","Yield","0112","Maize (corn)","2012","2012","kg/ha","3983","A","Official value",""
"QCL","Crops and livestock products","586","Pakistan","5510","Production","0112","Maize (corn)","2012","2012","t","4220100","A","Official value",""
"QCL","Crops and livestock products","586","Pakistan","5312","Area harvested","0112","Maize (corn)","2013","2013","ha","1168480","A","Official value",""
"QCL","Crops and livestock products","586","Pakistan","5412","Yield","0112","Maize (corn)","2013","2013","kg/ha","4231.3","A","Official value",""
"QCL","Crops and livestock products","586","Pakistan","5510","Production","0112","Maize (corn)","2013","2013","t","4944210","A","Official value",""
"QCL","Crops and livestock products","586","Pakistan","5312","Area harvested","0112","Maize (corn)","2014","2014","ha","1142462","A","Official value",""
"QCL","Crops and livestock products","586","Pakistan","5412","Yield","0112","Maize (corn)","2014","2014","kg/ha","4321.1","A","Official value",""
"QCL","Crops and livestock products","586","Pakistan","5510","Production","0112","Maize (corn)","2014","2014","t","4936747","A","Official value",""
"QCL","Crops and livestock products","586","Pakistan","5312","Area harvested","0112","Maize (corn)","2015","2015","ha","1191211","A","Official value",""
"QCL","Crops and livestock products","586","Pakistan","5412","Yield","0112","Maize (corn)","2015","2015","kg/ha","4424.8","A","Official value",""
"QCL","Crops and livestock products","586","Pakistan","5510","Production","0112","Maize (corn)","2015","2015","t","5270914","A","Official value",""
"QCL","Crops and livestock products","586","Pakistan","5312","Area harvested","0112","Maize (corn)","2016","2016","ha","1348452","A","Official value",""
"QCL","Crops and livestock products","586","Pakistan","5412","Yield","0112","Maize (corn)","2016","2016","kg/ha","4549.1","A","Official value",""
"QCL","Crops and livestock products","586","Pakistan","5510","Production","0112","Maize (corn)","2016","2016","t","6134274","A","Official value",""
"QCL","Crops and livestock products","586","Pakistan","5312","Area harvested","0112","Maize (corn)","2017","2017","ha","1250827","A","Official value",""
"QCL","Crops and livestock products","586","Pakistan","5412","Yield","0112","Maize (corn)","2017","2017","kg/ha","4718.2","A","Official value",""
"QCL","Crops and livestock products","586","Pakistan","5510","Production","0112","Maize (corn)","2017","2017","t","5901630","A","Official value",""
"QCL","Crops and livestock products","586","Pakistan","5312","Area harvested","0112","Maize (corn)","2018","2018","ha","1373922","A","Official value",""
"QCL","Crops and livestock products","586","Pakistan","5412","Yield","0112","Maize (corn)","2018","2018","kg/ha","4968.5","A","Official value",""
"QCL","Crops and livestock products","586","Pakistan","5510","Production","0112","Maize (corn)","2018","2018","t","6826379","A","Official value",""
"QCL","Crops and livestock products","586","Pakistan","5312","Area harvested","0112","Maize (corn)","2019","2019","ha","1404158","A","Official value",""
"QCL","Crops and livestock products","586","Pakistan","5412","Yield","0112","Maize (corn)","2019","2019","kg/ha","5614","A","Official value",""
"QCL","Crops and livestock products","586","Pakistan","5510","Production","0112","Maize (corn)","2019","2019","t","7883003","A","Official value",""
"QCL","Crops and livestock products","586","Pakistan","5312","Area harvested","0112","Maize (corn)","2020","2020","ha","1417793","A","Official value",""
"QCL","Crops and livestock products","586","Pakistan","5412","Yield","0112","Maize (corn)","2020","2020","kg/ha","6305.4","A","Official value",""
"QCL","Crops and livestock products","586","Pakistan","5510","Production","0112","Maize (corn)","2020","2020","t","8939785","A","Official value",""
"QCL","Crops and livestock products","586","Pakistan","5312","Area harvested","0112","Maize (corn)","2021","2021","ha","1652501","A","Official value",""
"QCL","Crops and livestock products","586","Pakistan","5412","Yield","0112","Maize (corn)","2021","2021","kg/ha","5763.7","A","Official value",""
"QCL","Crops and livestock products","586","Pakistan","5510","Production","0112","Maize (corn)","2021","2021","t","9524531","A","Official value",""
"QCL","Crops and livestock products","586","Pakistan","5312","Area harvested","0112","Maize (corn)","2022","2022","ha","1719398","A","Official value",""
"QCL","Crops and livestock products","586","Pakistan","5412","Yield","0112","Maize (corn)","2022","2022","kg/ha","6388.6","A","Official value",""
"QCL","Crops and livestock products","586","Pakistan","5510","Production","0112","Maize (corn)","2022","2022","t","10984509","A","Official value",""
"QCL","Crops and livestock products","586","Pakistan","5312","Area harvested","0112","Maize (corn)","2023","2023","ha","1641447","A","Official value",""
"QCL","Crops and livestock products","586","Pakistan","5412","Yield","0112","Maize (corn)","2023","2023","kg/ha","5933.5","A","Official value",""
"QCL","Crops and livestock products","586","Pakistan","5510","Production","0112","Maize (corn)","2023","2023","t","9739524","A","Official value",""
"QCL","Crops and livestock products","586","Pakistan","5312","Area harvested","0112","Maize (corn)","2024","2024","ha","1500000","X","Value from external organization","Unofficial figure"
"QCL","Crops and livestock products","586","Pakistan","5412","Yield","0112","Maize (corn)","2024","2024","kg/ha","6133.3","X","Value from external organization",""
"QCL","Crops and livestock products","586","Pakistan","5510","Production","0112","Maize (corn)","2024","2024","t","9200000","X","Value from external organization","Unofficial figure"
"QCL","Crops and livestock products","586","Pakistan","5312","Area harvested","0113","Rice","1961","1961","ha","1214475","A","Official value",""
"QCL","Crops and livestock products","586","Pakistan","5412","Yield","0113","Rice","1961","1961","kg/ha","1391.5","A","Official value",""
"QCL","Crops and livestock products","586","Pakistan","5510","Production","0113","Rice","1961","1961","t","1690000","A","Official value",""
"QCL","Crops and livestock products","586","Pakistan","5312","Area harvested","0113","Rice","1962","1962","ha","1185742","A","Official value",""
"QCL","Crops and livestock products","586","Pakistan","5412","Yield","0113","Rice","1962","1962","kg/ha","1385.6","A","Official value",""
"QCL","Crops and livestock products","586","Pakistan","5510","Production","0113","Rice","1962","1962","t","1643000","A","Official value",""
"QCL","Crops and livestock products","586","Pakistan","5312","Area harvested","0113","Rice","1963","1963","ha","1286105","A","Official value",""
"QCL","Crops and livestock products","586","Pakistan","5412","Yield","0113","Rice","1963","1963","kg/ha","1390.2","A","Official value",""
"QCL","Crops and livestock products","586","Pakistan","5510","Production","0113","Rice","1963","1963","t","1788000","A","Official value",""
"QCL","Crops and livestock products","586","Pakistan","5312","Area harvested","0113","Rice","1964","1964","ha","1355712","A","Official value",""
"QCL","Crops and livestock products","586","Pakistan","5412","Yield","0113","Rice","1964","1964","kg/ha","1493.7","A","Official value",""
"QCL","Crops and livestock products","586","Pakistan","5510","Production","0113","Rice","1964","1964","t","2025000","A","Official value",""
"QCL","Crops and livestock products","586","Pakistan","5312","Area harvested","0113","Rice","1965","1965","ha","1393348","A","Official value",""
"QCL","Crops and livestock products","586","Pakistan","5412","Yield","0113","Rice","1965","1965","kg/ha","1417.4","A","Official value",""
"QCL","Crops and livestock products","586","Pakistan","5510","Production","0113","Rice","1965","1965","t","1975000","A","Official value",""
"QCL","Crops and livestock products","586","Pakistan","5312","Area harvested","0113","Rice","1966","1966","ha","1409535","A","Official value",""
"QCL","Crops and livestock products","586","Pakistan","5412","Yield","0113","Rice","1966","1966","kg/ha","1452.3","A","Official value",""
"QCL","Crops and livestock products","586","Pakistan","5510","Production","0113","Rice","1966","1966","t","2047000","A","Official value",""
"QCL","Crops and livestock products","586","Pakistan","5312","Area harvested","0113","Rice","1967","1967","ha","1419653","A","Official value",""
"QCL","Crops and livestock products","586","Pakistan","5412","Yield","0113","Rice","1967","1967","kg/ha","1583.5","A","Official value",""
"QCL","Crops and livestock products","586","Pakistan","5510","Production","0113","Rice","1967","1967","t","2248000","A","Official value",""
"QCL","Crops and livestock products","586","Pakistan","5312","Area harvested","0113","Rice","1968","1968","ha","1554819","A","Official value",""
"QCL","Crops and livestock products","586","Pakistan","5412","Yield","0113","Rice","1968","1968","kg/ha","1960.4","A","Official value",""
"QCL","Crops and livestock products","586","Pakistan","5510","Production","0113","Rice","1968","1968","t","3048000","A","Official value",""
"QCL","Crops and livestock products","586","Pakistan","5312","Area harvested","0113","Rice","1969","1969","ha","1622000","A","Official value",""
"QCL","Crops and livestock products","586","Pakistan","5412","Yield","0113","Rice","1969","1969","kg/ha","2220.1","A","Official value",""
"QCL","Crops and livestock products","586","Pakistan","5510","Production","0113","Rice","1969","1969","t","3601000","A","Official value",""
"QCL","Crops and livestock products","586","Pakistan","5312","Area harvested","0113","Rice","1970","1970","ha","1503423","A","Official value",""
"QCL","Crops and livestock products","586","Pakistan","5412","Yield","0113","Rice","1970","1970","kg/ha","2193.9","A","Official value",""
"QCL","Crops and livestock products","586","Pakistan","5510","Production","0113","Rice","1970","1970","t","3298400","A","Official value",""
"QCL","Crops and livestock products","586","Pakistan","5312","Area harvested","0113","Rice","1971","1971","ha","1456480","A","Official value",""
"QCL","Crops and livestock products","586","Pakistan","5412","Yield","0113","Rice","1971","1971","kg/ha","2329.3","A","Official value",""
"QCL","Crops and livestock products","586","Pakistan","5510","Production","0113","Rice","1971","1971","t","3392600","A","Official value",""
"QCL","Crops and livestock products","586","Pakistan","5312","Area harvested","0113","Rice","1972","1972","ha","1479547","A","Official value",""
"QCL","Crops and livestock products","586","Pakistan","5412","Yield","0113","Rice","1972","1972","kg/ha","2362.4","A","Official value",""
"QCL","Crops and livestock products","586","Pakistan","5510","Production","0113","Rice","1972","1972","t","3495212","A","Official value",""
"QCL","Crops and livestock products","586","Pakistan","5312","Area harvested","0113","Rice","1973","1973","ha","1511922","A","Official value",""
"QCL","Crops and livestock products","586","Pakistan","5412","Yield","0113","Rice","1973","1973","kg/ha","2435.3","A","Official value",""
"QCL","Crops and livestock products","586","Pakistan","5510","Production","0113","Rice","1973","1973","t","3681984","A","Official value",""
"QCL","Crops and livestock products","586","Pakistan","5312","Area harvested","0113","Rice","1974","1974","ha","1604190","A","Official value",""
"QCL","Crops and livestock products","586","Pakistan","5412","Yield","0113","Rice","1974","1974","kg/ha","2163.2","A","Official value",""
"QCL","Crops and livestock products","586","Pakistan","5510","Production","0113","Rice","1974","1974","t","3470148","A","Official value",""
"QCL","Crops and livestock products","586","Pakistan","5312","Area harvested","0113","Rice","1975","1975","ha","1709724","A","Official value",""
"QCL","Crops and livestock products","586","Pakistan","5412","Yield","0113","Rice","1975","1975","kg/ha","2296.4","A","Official value",""
"QCL","Crops and livestock products","586","Pakistan","5510","Production","0113","Rice","1975","1975","t","3926184","A","Official value",""
"QCL","Crops and livestock products","586","Pakistan","5312","Area harvested","0113","Rice","1976","1976","ha","1749383","A","Official value",""
"QCL","Crops and livestock products","586","Pakistan","5412","Yield","0113","Rice","1976","1976","kg/ha","2347.2","A","Official value",""
"QCL","Crops and livestock products","586","Pakistan","5510","Production","0113","Rice","1976","1976","t","4106178","A","Official value",""
"QCL","Crops and livestock products","586","Pakistan","5312","Area harvested","0113","Rice","1977","1977","ha","1899100","A","Official value",""
"QCL","Crops and livestock products","586","Pakistan","5412","Yield","0113","Rice","1977","1977","kg/ha","2329.7","A","Official value",""
"QCL","Crops and livestock products","586","Pakistan","5510","Production","0113","Rice","1977","1977","t","4424406","A","Official value",""
"QCL","Crops and livestock products","586","Pakistan","5312","Area harvested","0113","Rice","1978","1978","ha","2025600","A","Official value",""
"QCL","Crops and livestock products","586","Pakistan","5412","Yield","0113","Rice","1978","1978","kg/ha","2423","A","Official value",""
"QCL","Crops and livestock products","586","Pakistan","5510","Production","0113","Rice","1978","1978","t","4908000","A","Official value",""
"QCL","Crops and livestock products","586","Pakistan","5312","Area harvested","0113","Rice","1979","1979","ha","2034500","A","Official value",""
"QCL","Crops and livestock products","586","Pakistan","5412","Yield","0113","Rice","1979","1979","kg/ha","2371","A","Official value",""
"QCL","Crops and livestock products","586","Pakistan","5510","Production","0113","Rice","1979","1979","t","4823700","A","Official value",""
"QCL","Crops and livestock products","586","Pakistan","5312","Area harvested","0113","Rice","1980","1980","ha","1933100","A","Official value",""
"QCL","Crops and livestock products","586","Pakistan","5412","Yield","0113","Rice","1980","1980","kg/ha","2423.5","A","Official value",""
"QCL","Crops and livestock products","586","Pakistan","5510","Production","0113","Rice","1980","1980","t","4684800","A","Official value",""
"QCL","Crops and livestock products","586","Pakistan","5312","Area harvested","0113","Rice","1981","1981","ha","1976000","A","Official value",""
"QCL","Crops and livestock products","586","Pakistan","5412","Yield","0113","Rice","1981","1981","kg/ha","2603.5","A","Official value",""
"QCL","Crops and livestock products","586","Pakistan","5510","Production","0113","Rice","1981","1981","t","5144550","A","Official value",""
"QCL","Crops and livestock products","586","Pakistan","5312","Area harvested","0113","Rice","1982","1982","ha","1978100","A","Official value",""
"QCL","Crops and livestock products","586","Pakistan","5412","Yield","0113","Rice","1982","1982","kg/ha","2612.1","A","Official value",""
"QCL","Crops and livestock products","586","Pakistan","5510","Production","0113","Rice","1982","1982","t","5167050","A","Official value",""
"QCL","Crops and livestock products","586","Pakistan","5312","Area harvested","0113","Rice","1983","1983","ha","1998500","A","Official value",""
"QCL","Crops and livestock products","586","Pakistan","5412","Yield","0113","Rice","1983","1983","kg/ha","2506.5","A","Official value",""
"QCL","Crops and livestock products","586","Pakistan","5510","Production","0113","Rice","1983","1983","t","5009250","A","Official value",""
"QCL","Crops and livestock products","586","Pakistan","5312","Area harvested","0113","Rice","1984","1984","ha","1998500","A","Official value",""
"QCL","Crops and livestock products","586","Pakistan","5412","Yield","0113","Rice","1984","1984","kg/ha","2488.3","A","Official value",""
"QCL","Crops and livestock products","586","Pakistan","5510","Production","0113","Rice","1984","1984","t","4972800","A","Official value",""
"QCL","Crops and livestock products","586","Pakistan","5312","Area harvested","0113","Rice","1985","1985","ha","1863200","A","Official value",""
"QCL","Crops and livestock products","586","Pakistan","5412","Yield","0113","Rice","1985","1985","kg/ha","2349.9","A","Official value",""
"QCL","Crops and livestock products","586","Pakistan","5510","Production","0113","Rice","1985","1985","t","4378400","A","Official value",""
"QCL","Crops and livestock products","586","Pakistan","5312","Area harvested","0113","Rice","1986","1986","ha","2065600","A","Official value",""
"QCL","Crops and livestock products","586","Pakistan","5412","Yield","0113","Rice","1986","1986","kg/ha","2532","A","Official value",""
"QCL","Crops and livestock products","586","Pakistan","5510","Production","0113","Rice","1986","1986","t","5230000","A","Official value",""
"QCL","Crops and livestock products","586","Pakistan","5312","Area harvested","0113","Rice","1987","1987","ha","1963000","A","Official value",""
"QCL","Crops and livestock products","586","Pakistan","5412","Yield","0113","Rice","1987","1987","kg/ha","2476.5","A","Official value",""
"QCL","Crops and livestock products","586","Pakistan","5510","Production","0113","Rice","1987","1987","t","4861400","A","Official value",""
"QCL","Crops and livestock products","586","Pakistan","5312","Area harvested","0113","Rice","1988","1988","ha","2041700","A","Official value",""
"QCL","Crops and livestock products","586","Pakistan","5412","Yield","0113","Rice","1988","1988","kg/ha","2351.1","A","Official value",""
"QCL","Crops and livestock products","586","Pakistan","5510","Production","0113","Rice","1988","1988","t","4800300","A","Official value",""
"QCL","Crops and livestock products","586","Pakistan","5312","Area harvested","0113","Rice","1989","1989","ha","2106900","A","Official value",""
"QCL","Crops and livestock products","586","Pakistan","5412","Yield","0113","Rice","1989","1989","kg/ha","2292.5","A","Official value",""
"QCL","Crops and livestock products","586","Pakistan","5510","Production","0113","Rice","1989","1989","t","4830150","A","Official value",""
"QCL","Crops and livestock products","586","Pakistan","5312","Area harvested","0113","Rice","1990","1990","ha","2112700","A","Official value",""
"QCL","Crops and livestock products","586","Pakistan","5412","Yield","0113","Rice","1990","1990","kg/ha","2315.1","A","Official value",""
"QCL","Crops and livestock products","586","Pakistan","5510","Production","0113","Rice","1990","1990","t","4891200","A","Official value",""
"QCL","Crops and livestock products","586","Pakistan","5312","Area harvested","0113","Rice","1991","1991","ha","2096900","A","Official value",""
"QCL","Crops and livestock products","586","Pakistan","5412","Yield","0113","Rice","1991","1991","kg/ha","2319.9","A","Official value",""
"QCL","Crops and livestock products","586","Pakistan","5510","Production","0113","Rice","1991","1991","t","4864650","A","Official value",""
"QCL","Crops and livestock products","586","Pakistan","5312","Area harvested","0113","Rice","1992","1992","ha","1973400","A","Official value",""
"QCL","Crops and livestock products","586","Pakistan","5412","Yield","0113","Rice","1992","1992","kg/ha","2368.6","A","Official value",""
"QCL","Crops and livestock products","586","Pakistan","5510","Production","0113","Rice","1992","1992","t","4674150","A","Official value",""
"QCL","Crops and livestock products","586","Pakistan","5312","Area harvested","0113","Rice","1993","1993","ha","2187100","A","Official value",""
"QCL","Crops and livestock products","586","Pakistan","5412","Yield","0113","Rice","1993","1993","kg/ha","2739.7","A","Official value",""
"QCL","Crops and livestock products","586","Pakistan","5510","Production","0113","Rice","1993","1993","t","5992050","A","Official value",""
"QCL","Crops and livestock products","586","Pakistan","5312","Area harvested","0113","Rice","1994","1994","ha","2124600","A","Official value",""
"QCL","Crops and livestock products","586","Pakistan","5412","Yield","0113","Rice","1994","1994","kg/ha","2433.3","A","Official value",""
"QCL","Crops and livestock products","586","Pakistan","5510","Production","0113","Rice","1994","1994","t","5169750","A","Official value",""
"QCL","Crops and livestock products","586","Pakistan","5312","Area harvested","0113","Rice","1995","1995","ha","2161800","A","Official value",""
"QCL","Crops and livestock products","586","Pakistan","5412","Yield","0113","Rice","1995","1995","kg/ha","2752.2","A","Official value",""
"QCL","Crops and livestock products","586","Pakistan","5510","Production","0113","Rice","1995","1995","t","5949750","A","Official value",""
"QCL","Crops and livestock products","586","Pakistan","5312","Area harvested","0113","Rice","1996","1996","ha","2251100","A","Official value",""
"QCL","Crops and livestock products","586","Pakistan","5412","Yield","0113","Rice","1996","1996","kg/ha","2868.5","A","Official value",""
"QCL","Crops and livestock products","586","Pakistan","5510","Production","0113","Rice","1996","1996","t","6457200","A","Official value",""
"QCL","Crops and livestock products","586","Pakistan","5312","Area harvested","0113","Rice","1997","1997","ha","2317300","A","Official value",""
"QCL","Crops and livestock products","586","Pakistan","5412","Yield","0113","Rice","1997","1997","kg/ha","2804.8","A","Official value",""
"QCL","Crops and livestock products","586","Pakistan","5510","Production","0113","Rice","1997","1997","t","6499500","A","Official value",""
"QCL","Crops and livestock products","586","Pakistan","5312","Area harvested","0113","Rice","1998","1998","ha","2423600","A","Official value",""
"QCL","Crops and livestock products","586","Pakistan","5412","Yield","0113","Rice","1998","1998","kg/ha","2893","A","Official value",""
"QCL","Crops and livestock products","586","Pakistan","5510","Production","0113","Rice","1998","1998","t","7011400","A","Official value",""
"QCL","Crops and livestock products","586","Pakistan","5312","Area harvested","0113","Rice","1999","1999","ha","2515400","A","Official value",""
"QCL","Crops and livestock products","586","Pakistan","5412","Yield","0113","Rice","1999","1999","kg/ha","3074.4","A","Official value",""
"QCL","Crops and livestock products","586","Pakistan","5510","Production","0113","Rice","1999","1999","t","7733417","A","Official value",""
"QCL","Crops and livestock products","586","Pakistan","5312","Area harvested","0113","Rice","2000","2000","ha","2376600","A","Official value",""
"QCL","Crops and livestock products","586","Pakistan","5412","Yield","0113","Rice","2000","2000","kg/ha","3031.2","A","Official value",""
"QCL","Crops and livestock products","586","Pakistan","5510","Production","0113","Rice","2000","2000","t","7203900","A","Official value",""
"QCL","Crops and livestock products","586","Pakistan","5312","Area harvested","0113","Rice","2001","2001","ha","2114200","A","Official value",""
"QCL","Crops and livestock products","586","Pakistan","5412","Yield","0113","Rice","2001","2001","kg/ha","2754.2","A","Official value",""
"QCL","Crops and livestock products","586","Pakistan","5510","Production","0113","Rice","2001","2001","t","5823000","A","Official value",""
"QCL","Crops and livestock products","586","Pakistan","5312","Area harvested","0113","Rice","2002","2002","ha","2225000","A","Official value",""
"QCL","Crops and livestock products","586","Pakistan","5412","Yield","0113","Rice","2002","2002","kg/ha","3019.2","A","Official value",""
"QCL","Crops and livestock products","586","Pakistan","5510","Production","0113","Rice","2002","2002","t","6717750","A","Official value",""
"QCL","Crops and livestock products","586","Pakistan","5312","Area harvested","0113","Rice","2003","2003","ha","2460600","A","Official value",""
"QCL","Crops and livestock products","586","Pakistan","5412","Yield","0113","Rice","2003","2003","kg/ha","2955.1","A","Official value",""
"QCL","Crops and livestock products","586","Pakistan","5510","Production","0113","Rice","2003","2003","t","7271400","A","Official value",""
"QCL","Crops and livestock products","586","Pakistan","5312","Area harvested","0113","Rice","2004","2004","ha","2519600","A","Official value",""
"QCL","Crops and livestock products","586","Pakistan","5412","Yield","0113","Rice","2004","2004","kg/ha","2991.4","A","Official value",""
"QCL","Crops and livestock products","586","Pakistan","5510","Production","0113","Rice","2004","2004","t","7537200","A","Official value",""
"QCL","Crops and livestock products","586","Pakistan","5312","Area harvested","0113","Rice","2005","2005","ha","2621400","A","Official value",""
"QCL","Crops and livestock products","586","Pakistan","5412","Yield","0113","Rice","2005","2005","kg/ha","3174.2","A","Official value",""
"QCL","Crops and livestock products","586","Pakistan","5510","Production","0113","Rice","2005","2005","t","8320800","A","Official value",""
"QCL","Crops and livestock products","586","Pakistan","5312","Area harvested","0113","Rice","2006","2006","ha","2581200","A","Official value",""
"QCL","Crops and livestock products","586","Pakistan","5412","Yield","0113","Rice","2006","2006","kg/ha","3160.4","A","Official value",""
"QCL","Crops and livestock products","586","Pakistan","5510","Production","0113","Rice","2006","2006","t","8157600","A","Official value",""
"QCL","Crops and livestock products","586","Pakistan","5312","Area harvested","0113","Rice","2007","2007","ha","2515400","A","Official value",""
"QCL","Crops and livestock products","586","Pakistan","5412","Yield","0113","Rice","2007","2007","kg/ha","3317.6","A","Official value",""
"QCL","Crops and livestock products","586","Pakistan","5510","Production","0113","Rice","2007","2007","t","8345100","A","Official value",""
"QCL","Crops and livestock products","586","Pakistan","5312","Area harvested","0113","Rice","2008","2008","ha","2962600","A","Official value",""
"QCL","Crops and livestock products","586","Pakistan","5412","Yield","0113","Rice","2008","2008","kg/ha","3519.9","A","Official value",""
"QCL","Crops and livestock products","586","Pakistan","5510","Production","0113","Rice","2008","2008","t","10428000","A","Official value",""
"QCL","Crops and livestock products","586","Pakistan","5312","Area harvested","0113","Rice","2009","2009","ha","2883100","A","Official value",""
"QCL","Crops and livestock products","586","Pakistan","5412","Yield","0113","Rice","2009","2009","kg/ha","3580.9","A","Official value",""
"QCL","Crops and livestock products","586","Pakistan","5510","Production","0113","Rice","2009","2009","t","10324050","A","Official value",""
"QCL","Crops and livestock products","586","Pakistan","5312","Area harvested","0113","Rice","2010","2010","ha","2365300","A","Official value",""
"QCL","Crops and livestock products","586","Pakistan","5412","Yield","0113","Rice","2010","2010","kg/ha","3058.8","A","Official value",""
"QCL","Crops and livestock products","586","Pakistan","5510","Production","0113","Rice","2010","2010","t","7234950","A","Official value",""
"QCL","Crops and livestock products","586","Pakistan","5312","Area harvested","0113","Rice","2011","2011","ha","2571200","A","Official value",""
"QCL","Crops and livestock products","586","Pakistan","5412","Yield","0113","Rice","2011","2011","kg/ha","3593.9","A","Official value",""
"QCL","Crops and livestock products","586","Pakistan","5510","Production","0113","Rice","2011","2011","t","9240600","A","Official value",""
"QCL","Crops and livestock products","586","Pakistan","5312","Area harvested","0113","Rice","2012","2012","ha","2308800","A","Official value",""
"QCL","Crops and livestock products","586","Pakistan","5412","Yield","0113","Rice","2012","2012","kg/ha","3596.6","A","Official value",""
"QCL","Crops and livestock products","586","Pakistan","5510","Production","0113","Rice","2012","2012","t","8303850","A","Official value",""
"QCL","Crops and livestock products","586","Pakistan","5312","Area harvested","0113","Rice","2013","2013","ha","2789169","A","Official value",""
"QCL","Crops and livestock products","586","Pakistan","5412","Yield","0113","Rice","2013","2013","kg/ha","3752.8","A","Official value",""
"QCL","Crops and livestock products","586","Pakistan","5510","Production","0113","Rice","2013","2013","t","10467150","A","Official value",""
"QCL","Crops and livestock products","586","Pakistan","5312","Area harvested","0113","Rice","2014","2014","ha","2890646","A","Official value",""
"QCL","Crops and livestock products","586","Pakistan","5412","Yield","0113","Rice","2014","2014","kg/ha","3633.9","A","Official value",""
"QCL","Crops and livestock products","586","Pakistan","5510","Production","0113","Rice","2014","2014","t","10504200","A","Official value",""
"QCL","Crops and livestock products","586","Pakistan","5312","Area harvested","0113","Rice","2015","2015","ha","2739495","A","Official value",""
"QCL","Crops and livestock products","586","Pakistan","5412","Yield","0113","Rice","2015","2015","kg/ha","3724","A","Official value",""
"QCL","Crops and livestock products","586","Pakistan","5510","Production","0113","Rice","2015","2015","t","10201840","A","Official value",""
"QCL","Crops and livestock products","586","Pakistan","5312","Area harvested","0113","Rice","2016","2016","ha","2724013","A","Official value",""
"QCL","Crops and livestock products","586","Pakistan","5412","Yield","0113","Rice","2016","2016","kg/ha","3771.6","A","Official value",""
"QCL","Crops and livestock products","586","Pakistan","5510","Production","0113","Rice","2016","2016","t","10273968","A","Official value",""
"QCL","Crops and livestock products","586","Pakistan","5312","Area harvested","0113","Rice","2017","2017","ha","2900595","A","Official value",""
"QCL","Crops and livestock products","586","Pakistan","5412","Yield","0113","Rice","2017","2017","kg/ha","3852.6","A","Official value",""
"QCL","Crops and livestock products","586","Pakistan","5510","Production","0113","Rice","2017","2017","t","11174815.5","A","Official value",""
"QCL","Crops and livestock products","586","Pakistan","5312","Area harvested","0113","Rice","2018","2018","ha","2810030","A","Official value",""
"QCL","Crops and livestock products","586","Pakistan","5412","Yield","0113","Rice","2018","2018","kg/ha","3842.7","A","Official value",""
"QCL","Crops and livestock products","586","Pakistan","5510","Production","0113","Rice","2018","2018","t","10798000","A","Official value",""
"QCL","Crops and livestock products","586","Pakistan","5312","Area harvested","0113","Rice","2019","2019","ha","3033959","A","Official value",""
"QCL","Crops and livestock products","586","Pakistan","5412","Yield","0113","Rice","2019","2019","kg/ha","3665.3","A","Official value",""
"QCL","Crops and livestock products","586","Pakistan","5510","Production","0113","Rice","2019","2019","t","11120483","A","Official value",""
"QCL","Crops and livestock products","586","Pakistan","5312","Area harvested","0113","Rice","2020","2020","ha","3335585","A","Official value",""
"QCL","Crops and livestock products","586","Pakistan","5412","Yield","0113","Rice","2020","2020","kg/ha","3786.3","A","Official value",""
"QCL","Crops and livestock products","586","Pakistan","5510","Production","0113","Rice","2020","2020","t","12629514","A","Official value",""
"QCL","Crops and livestock products","586","Pakistan","5312","Area harvested","0113","Rice","2021","2021","ha","3537369","A","Official value",""
"QCL","Crops and livestock products","586","Pakistan","5412","Yield","0113","Rice","2021","2021","kg/ha","3953.2","A","Official value",""
"QCL","Crops and livestock products","586","Pakistan","5510","Production","0113","Rice","2021","2021","t","13984009","A","Official value",""
"QCL","Crops and livestock products","586","Pakistan","5312","Area harvested","0113","Rice","2022","2022","ha","2976239","A","Official value",""
"QCL","Crops and livestock products","586","Pakistan","5412","Yield","0113","Rice","2022","2022","kg/ha","3690.3","A","Official value",""
"QCL","Crops and livestock products","586","Pakistan","5510","Production","0113","Rice","2022","2022","t","10983081","A","Official value",""
"QCL","Crops and livestock products","586","Pakistan","5312","Area harvested","0113","Rice","2023","2023","ha","3636994","A","Official value",""
"QCL","Crops and livestock products","586","Pakistan","5412","Yield","0113","Rice","2023","2023","kg/ha","4066.2","A","Official value",""
"QCL","Crops and livestock products","586","Pakistan","5510","Production","0113","Rice","2023","2023","t","14788853","A","Official value",""
"QCL","Crops and livestock products","586","Pakistan","5312","Area harvested","0113","Rice","2024","2024","ha","3899215","A","Official value",""
"QCL","Crops and livestock products","586","Pakistan","5412","Yield","0113","Rice","2024","2024","kg/ha","3740.6","A","Official value",""
"QCL","Crops and livestock products","586","Pakistan","5510","Production","0113","Rice","2024","2024","t","14585231","A","Official value",""
"QCL","Crops and livestock products","586","Pakistan","5312","Area harvested","01802","Sugar cane","1961","1961","ha","388100","A","Official value",""
"QCL","Crops and livestock products","586","Pakistan","5412","Yield","01802","Sugar cane","1961","1961","kg/ha","29992.3","A","Official value",""
"QCL","Crops and livestock products","586","Pakistan","5510","Production","01802","Sugar cane","1961","1961","t","11640000","A","Official value",""
"QCL","Crops and livestock products","586","Pakistan","5312","Area harvested","01802","Sugar cane","1962","1962","ha","444300","A","Official value",""
"QCL","Crops and livestock products","586","Pakistan","5412","Yield","01802","Sugar cane","1962","1962","kg/ha","32313.1","A","Official value",""
"QCL","Crops and livestock products","586","Pakistan","5510","Production","01802","Sugar cane","1962","1962","t","14356700","A","Official value",""
"QCL","Crops and livestock products","586","Pakistan","5312","Area harvested","01802","Sugar cane","1963","1963","ha","531000","A","Official value",""
"QCL","Crops and livestock products","586","Pakistan","5412","Yield","01802","Sugar cane","1963","1963","kg/ha","34723.2","A","Official value",""
"QCL","Crops and livestock products","586","Pakistan","5510","Production","01802","Sugar cane","1963","1963","t","18438000","A","Official value",""
"QCL","Crops and livestock products","586","Pakistan","5312","Area harvested","01802","Sugar cane","1964","1964","ha","477500","A","Official value",""
"QCL","Crops and livestock products","586","Pakistan","5412","Yield","01802","Sugar cane","1964","1964","kg/ha","33799","A","Official value",""
"QCL","Crops and livestock products","586","Pakistan","5510","Production","01802","Sugar cane","1964","1964","t","16139000","A","Official value",""
"QCL","Crops and livestock products","586","Pakistan","5312","Area harvested","01802","Sugar cane","1965","1965","ha","503000","A","Official value",""
"QCL","Crops and livestock products","586","Pakistan","5412","Yield","01802","Sugar cane","1965","1965","kg/ha","37111.3","A","Official value",""
"QCL","Crops and livestock products","586","Pakistan","5510","Production","01802","Sugar cane","1965","1965","t","18667008","A","Official value",""
"QCL","Crops and livestock products","586","Pakistan","5312","Area harvested","01802","Sugar cane","1966","1966","ha","597300","A","Official value",""
"QCL","Crops and livestock products","586","Pakistan","5412","Yield","01802","Sugar cane","1966","1966","kg/ha","37350.4","A","Official value",""
"QCL","Crops and livestock products","586","Pakistan","5510","Production","01802","Sugar cane","1966","1966","t","22309408","A","Official value",""
"QCL","Crops and livestock products","586","Pakistan","5312","Area harvested","01802","Sugar cane","1967","1967","ha","649500","A","Official value",""
"QCL","Crops and livestock products","586","Pakistan","5412","Yield","01802","Sugar cane","1967","1967","kg/ha","33844.8","A","Official value",""
"QCL","Crops and livestock products","586","Pakistan","5510","Production","01802","Sugar cane","1967","1967","t","21982208","A","Official value",""
"QCL","Crops and livestock products","586","Pakistan","5312","Area harvested","01802","Sugar cane","1968","1968","ha","503800","A","Official value",""
"QCL","Crops and livestock products","586","Pakistan","5412","Yield","01802","Sugar cane","1968","1968","kg/ha","37036.5","A","Official value",""
"QCL","Crops and livestock products","586","Pakistan","5510","Production","01802","Sugar cane","1968","1968","t","18659008","A","Official value",""
"QCL","Crops and livestock products","586","Pakistan","5312","Area harvested","01802","Sugar cane","1969","1969","ha","540700","A","Official value",""
"QCL","Crops and livestock products","586","Pakistan","5412","Yield","01802","Sugar cane","1969","1969","kg/ha","40634.4","A","Official value",""
"QCL","Crops and livestock products","586","Pakistan","5510","Production","01802","Sugar cane","1969","1969","t","21971008","A","Official value",""
"QCL","Crops and livestock products","586","Pakistan","5312","Area harvested","01802","Sugar cane","1970","1970","ha","620000","A","Official value",""
"QCL","Crops and livestock products","586","Pakistan","5412","Yield","01802","Sugar cane","1970","1970","kg/ha","42531.5","A","Official value",""
"QCL","Crops and livestock products","586","Pakistan","5510","Production","01802","Sugar cane","1970","1970","t","26369504","A","Official value",""
"QCL","Crops and livestock products","586","Pakistan","5312","Area harvested","01802","Sugar cane","1971","1971","ha","636000","A","Official value",""
"QCL","Crops and livestock products","586","Pakistan","5412","Yield","01802","Sugar cane","1971","1971","kg/ha","36426.1","A","Official value",""
"QCL","Crops and livestock products","586","Pakistan","5510","Production","01802","Sugar cane","1971","1971","t","23167008","A","Official value",""
"QCL","Crops and livestock products","586","Pakistan","5312","Area harvested","01802","Sugar cane","1972","1972","ha","552400","A","Official value",""
"QCL","Crops and livestock products","586","Pakistan","5412","Yield","01802","Sugar cane","1972","1972","kg/ha","36139.4","A","Official value",""
"QCL","Crops and livestock products","586","Pakistan","5510","Production","01802","Sugar cane","1972","1972","t","19963408","A","Official value",""
"QCL","Crops and livestock products","586","Pakistan","5312","Area harvested","01802","Sugar cane","1973","1973","ha","533400","A","Official value",""
"QCL","Crops and livestock products","586","Pakistan","5412","Yield","01802","Sugar cane","1973","1973","kg/ha","37396.1","A","Official value",""
"QCL","Crops and livestock products","586","Pakistan","5510","Production","01802","Sugar cane","1973","1973","t","19947104","A","Official value",""
"QCL","Crops and livestock products","586","Pakistan","5312","Area harvested","01802","Sugar cane","1974","1974","ha","645500","A","Official value",""
"QCL","Crops and livestock products","586","Pakistan","5412","Yield","01802","Sugar cane","1974","1974","kg/ha","37041.8","A","Official value",""
"QCL","Crops and livestock products","586","Pakistan","5510","Production","01802","Sugar cane","1974","1974","t","23910496","A","Official value",""
"QCL","Crops and livestock products","586","Pakistan","5312","Area harvested","01802","Sugar cane","1975","1975","ha","672818","A","Official value",""
"QCL","Crops and livestock products","586","Pakistan","5412","Yield","01802","Sugar cane","1975","1975","kg/ha","31571.7","A","Official value",""
"QCL","Crops and livestock products","586","Pakistan","5510","Production","01802","Sugar cane","1975","1975","t","21242000","A","Official value",""
"QCL","Crops and livestock products","586","Pakistan","5312","Area harvested","01802","Sugar cane","1976","1976","ha","699830","A","Official value",""
"QCL","Crops and livestock products","586","Pakistan","5412","Yield","01802","Sugar cane","1976","1976","kg/ha","36504.1","A","Official value",""
"QCL","Crops and livestock products","586","Pakistan","5510","Production","01802","Sugar cane","1976","1976","t","25546640","A","Official value",""
"QCL","Crops and livestock products","586","Pakistan","5312","Area harvested","01802","Sugar cane","1977","1977","ha","787827","A","Official value",""
"QCL","Crops and livestock products","586","Pakistan","5412","Yield","01802","Sugar cane","1977","1977","kg/ha","37473.9","A","Official value",""
"QCL","Crops and livestock products","586","Pakistan","5510","Production","01802","Sugar cane","1977","1977","t","29522960","A","Official value",""
"QCL","Crops and livestock products","586","Pakistan","5312","Area harvested","01802","Sugar cane","1978","1978","ha","822500","A","Official value",""
"QCL","Crops and livestock products","586","Pakistan","5412","Yield","01802","Sugar cane","1978","1978","kg/ha","36567.3","A","Official value",""
"QCL","Crops and livestock products","586","Pakistan","5510","Production","01802","Sugar cane","1978","1978","t","30076608","A","Official value",""
"QCL","Crops and livestock products","586","Pakistan","5312","Area harvested","01802","Sugar cane","1979","1979","ha","752500","A","Official value",""
"QCL","Crops and livestock products","586","Pakistan","5412","Yield","01802","Sugar cane","1979","1979","kg/ha","36313","A","Official value",""
"QCL","Crops and livestock products","586","Pakistan","5510","Production","01802","Sugar cane","1979","1979","t","27325504","A","Official value",""
"QCL","Crops and livestock products","586","Pakistan","5312","Area harvested","01802","Sugar cane","1980","1980","ha","718500","A","Official value",""
"QCL","Crops and livestock products","586","Pakistan","5412","Yield","01802","Sugar cane","1980","1980","kg/ha","38271","A","Official value",""
"QCL","Crops and livestock products","586","Pakistan","5510","Production","01802","Sugar cane","1980","1980","t","27497696","A","Official value",""
"QCL","Crops and livestock products","586","Pakistan","5312","Area harvested","01802","Sugar cane","1981","1981","ha","824700","A","Official value",""
"QCL","Crops and livestock products","586","Pakistan","5412","Yield","01802","Sugar cane","1981","1981","kg/ha","39237.8","A","Official value",""
"QCL","Crops and livestock products","586","Pakistan","5510","Production","01802","Sugar cane","1981","1981","t","32359408","A","Official value",""
"QCL","Crops and livestock products","586","Pakistan","5312","Area harvested","01802","Sugar cane","1982","1982","ha","946700","A","Official value",""
"QCL","Crops and livestock products","586","Pakistan","5412","Yield","01802","Sugar cane","1982","1982","kg/ha","38639.2","A","Official value",""
"QCL","Crops and livestock products","586","Pakistan","5510","Production","01802","Sugar cane","1982","1982","t","36579696","A","Official value",""
"QCL","Crops and livestock products","586","Pakistan","5312","Area harvested","01802","Sugar cane","1983","1983","ha","911700","A","Official value",""
"QCL","Crops and livestock products","586","Pakistan","5412","Yield","01802","Sugar cane","1983","1983","kg/ha","35684.4","A","Official value",""
"QCL","Crops and livestock products","586","Pakistan","5510","Production","01802","Sugar cane","1983","1983","t","32533504","A","Official value",""
"QCL","Crops and livestock products","586","Pakistan","5312","Area harvested","01802","Sugar cane","1984","1984","ha","896500","A","Official value",""
"QCL","Crops and livestock products","586","Pakistan","5412","Yield","01802","Sugar cane","1984","1984","kg/ha","38245.7","A","Official value",""
"QCL","Crops and livestock products","586","Pakistan","5510","Production","01802","Sugar cane","1984","1984","t","34287296","A","Official value",""
"QCL","Crops and livestock products","586","Pakistan","5312","Area harvested","01802","Sugar cane","1985","1985","ha","903600","A","Official value",""
"QCL","Crops and livestock products","586","Pakistan","5412","Yield","01802","Sugar cane","1985","1985","kg/ha","35568.4","A","Official value",""
"QCL","Crops and livestock products","586","Pakistan","5510","Production","01802","Sugar cane","1985","1985","t","32139600","A","Official value",""
"QCL","Crops and livestock products","586","Pakistan","5312","Area harvested","01802","Sugar cane","1986","1986","ha","779800","A","Official value",""
"QCL","Crops and livestock products","586","Pakistan","5412","Yield","01802","Sugar cane","1986","1986","kg/ha","35722.4","A","Official value",""
"QCL","Crops and livestock products","586","Pakistan","5510","Production","01802","Sugar cane","1986","1986","t","27856304","A","Official value",""
"QCL","Crops and livestock products","586","Pakistan","5312","Area harvested","01802","Sugar cane","1987","1987","ha","762000","A","Official value",""
"QCL","Crops and livestock products","586","Pakistan","5412","Yield","01802","Sugar cane","1987","1987","kg/ha","57228.3","A","Official value",""
"QCL","Crops and livestock products","586","Pakistan","5510","Production","01802","Sugar cane","1987","1987","t","43608000","A","Official value",""
"QCL","Crops and livestock products","586","Pakistan","5312","Area harvested","01802","Sugar cane","1988","1988","ha","841600","A","Official value",""
"QCL","Crops and livestock products","586","Pakistan","5412","Yield","01802","Sugar cane","1988","1988","kg/ha","39245.2","A","Official value",""
"QCL","Crops and livestock products","586","Pakistan","5510","Production","01802","Sugar cane","1988","1988","t","33028800","A","Official value",""
"QCL","Crops and livestock products","586","Pakistan","5312","Area harvested","01802","Sugar cane","1989","1989","ha","876900","A","Official value",""
"QCL","Crops and livestock products","586","Pakistan","5412","Yield","01802","Sugar cane","1989","1989","kg/ha","42166.4","A","Official value",""
"QCL","Crops and livestock products","586","Pakistan","5510","Production","01802","Sugar cane","1989","1989","t","36975696","A","Official value",""
"QCL","Crops and livestock products","586","Pakistan","5312","Area harvested","01802","Sugar cane","1990","1990","ha","854300","A","Official value",""
"QCL","Crops and livestock products","586","Pakistan","5412","Yield","01802","Sugar cane","1990","1990","kg/ha","41547","A","Official value",""
"QCL","Crops and livestock products","586","Pakistan","5510","Production","01802","Sugar cane","1990","1990","t","35493600","A","Official value",""
"QCL","Crops and livestock products","586","Pakistan","5312","Area harvested","01802","Sugar cane","1991","1991","ha","883800","A","Official value",""
"QCL","Crops and livestock products","586","Pakistan","5412","Yield","01802","Sugar cane","1991","1991","kg/ha","40720.4","A","Official value",""
"QCL","Crops and livestock products","586","Pakistan","5510","Production","01802","Sugar cane","1991","1991","t","35988704","A","Official value",""
"QCL","Crops and livestock products","586","Pakistan","5312","Area harvested","01802","Sugar cane","1992","1992","ha","896100","A","Official value",""
"QCL","Crops and livestock products","586","Pakistan","5412","Yield","01802","Sugar cane","1992","1992","kg/ha","43371.2","A","Official value",""
"QCL","Crops and livestock products","586","Pakistan","5510","Production","01802","Sugar cane","1992","1992","t","38864896","A","Official value",""
"QCL","Crops and livestock products","586","Pakistan","5312","Area harvested","01802","Sugar cane","1993","1993","ha","884600","A","Official value",""
"QCL","Crops and livestock products","586","Pakistan","5412","Yield","01802","Sugar cane","1993","1993","kg/ha","43023.8","A","Official value",""
"QCL","Crops and livestock products","586","Pakistan","5510","Production","01802","Sugar cane","1993","1993","t","38058896","A","Official value",""
"QCL","Crops and livestock products","586","Pakistan","5312","Area harvested","01802","Sugar cane","1994","1994","ha","962800","A","Official value",""
"QCL","Crops and livestock products","586","Pakistan","5412","Yield","01802","Sugar cane","1994","1994","kg/ha","46143.5","A","Official value",""
"QCL","Crops and livestock products","586","Pakistan","5510","Production","01802","Sugar cane","1994","1994","t","44427000","A","Official value",""
"QCL","Crops and livestock products","586","Pakistan","5312","Area harvested","01802","Sugar cane","1995","1995","ha","1009000","A","Official value",""
"QCL","Crops and livestock products","586","Pakistan","5412","Yield","01802","Sugar cane","1995","1995","kg/ha","46747.7","A","Official value",""
"QCL","Crops and livestock products","586","Pakistan","5510","Production","01802","Sugar cane","1995","1995","t","47168400","A","Official value",""
"QCL","Crops and livestock products","586","Pakistan","5312","Area harvested","01802","Sugar cane","1996","1996","ha","963100","A","Official value",""
"QCL","Crops and livestock products","586","Pakistan","5412","Yield","01802","Sugar cane","1996","1996","kg/ha","46962.6","A","Official value",""
"QCL","Crops and livestock products","586","Pakistan","5510","Production","01802","Sugar cane","1996","1996","t","45229700","A","Official value",""
"QCL","Crops and livestock products","586","Pakistan","5312","Area harvested","01802","Sugar cane","1997","1997","ha","964500","A","Official value",""
"QCL","Crops and livestock products","586","Pakistan","5412","Yield","01802","Sugar cane","1997","1997","kg/ha","43544.2","A","Official value",""
"QCL","Crops and livestock products","586","Pakistan","5510","Production","01802","Sugar cane","1997","1997","t","41998400","A","Official value",""
"QCL","Crops and livestock products","586","Pakistan","5312","Area harvested","01802","Sugar cane","1998","1998","ha","1056200","A","Official value",""
"QCL","Crops and livestock products","586","Pakistan","5412","Yield","01802","Sugar cane","1998","1998","kg/ha","50278.5","A","Official value",""
"QCL","Crops and livestock products","586","Pakistan","5510","Production","01802","Sugar cane","1998","1998","t","53104200","A","Official value",""
"QCL","Crops and livestock products","586","Pakistan","5312","Area harvested","01802","Sugar cane","1999","1999","ha","1155100","A","Official value",""
"QCL","Crops and livestock products","586","Pakistan","5412","Yield","01802","Sugar cane","1999","1999","kg/ha","47780.4","A","Official value",""
"QCL","Crops and livestock products","586","Pakistan","5510","Production","01802","Sugar cane","1999","1999","t","55191100","A","Official value",""
"QCL","Crops and livestock products","586","Pakistan","5312","Area harvested","01802","Sugar cane","2000","2000","ha","1009800","A","Official value",""
"QCL","Crops and livestock products","586","Pakistan","5412","Yield","01802","Sugar cane","2000","2000","kg/ha","45882.9","A","Official value",""
"QCL","Crops and livestock products","586","Pakistan","5510","Production","01802","Sugar cane","2000","2000","t","46332600","A","Official value",""
"QCL","Crops and livestock products","586","Pakistan","5312","Area harvested","01802","Sugar cane","2001","2001","ha","960800","A","Official value",""
"QCL","Crops and livestock products","586","Pakistan","5412","Yield","01802","Sugar cane","2001","2001","kg/ha","45385.4","A","Official value",""
"QCL","Crops and livestock products","586","Pakistan","5510","Production","01802","Sugar cane","2001","2001","t","43606300","A","Official value",""
"QCL","Crops and livestock products","586","Pakistan","5312","Area harvested","01802","Sugar cane","2002","2002","ha","999700","A","Official value",""
"QCL","Crops and livestock products","586","Pakistan","5412","Yield","01802","Sugar cane","2002","2002","kg/ha","48056","A","Official value",""
"QCL","Crops and livestock products","586","Pakistan","5510","Production","01802","Sugar cane","2002","2002","t","48041600","A","Official value",""
"QCL","Crops and livestock products","586","Pakistan","5312","Area harvested","01802","Sugar cane","2003","2003","ha","1099600","A","Official value",""
"QCL","Crops and livestock products","586","Pakistan","5412","Yield","01802","Sugar cane","2003","2003","kg/ha","47340.7","A","Official value",""
"QCL","Crops and livestock products","586","Pakistan","5510","Production","01802","Sugar cane","2003","2003","t","52055800","A","Official value",""
"QCL","Crops and livestock products","586","Pakistan","5312","Area harvested","01802","Sugar cane","2004","2004","ha","1074500","A","Official value",""
"QCL","Crops and livestock products","586","Pakistan","5412","Yield","01802","Sugar cane","2004","2004","kg/ha","50088.4","A","Official value",""
"QCL","Crops and livestock products","586","Pakistan","5510","Production","01802","Sugar cane","2004","2004","t","53820000","A","Official value",""
"QCL","Crops and livestock products","586","Pakistan","5312","Area harvested","01802","Sugar cane","2005","2005","ha","966400","A","Official value",""
"QCL","Crops and livestock products","586","Pakistan","5412","Yield","01802","Sugar cane","2005","2005","kg/ha","48886.7","A","Official value",""
"QCL","Crops and livestock products","586","Pakistan","5510","Production","01802","Sugar cane","2005","2005","t","47244100","A","Official value",""
"QCL","Crops and livestock products","586","Pakistan","5312","Area harvested","01802","Sugar cane","2006","2006","ha","907300","A","Official value",""
"QCL","Crops and livestock products","586","Pakistan","5412","Yield","01802","Sugar cane","2006","2006","kg/ha","49229","A","Official value",""
"QCL","Crops and livestock products","586","Pakistan","5510","Production","01802","Sugar cane","2006","2006","t","44665500","A","Official value",""
"QCL","Crops and livestock products","586","Pakistan","5312","Area harvested","01802","Sugar cane","2007","2007","ha","1028800","A","Official value",""
"QCL","Crops and livestock products","586","Pakistan","5412","Yield","01802","Sugar cane","2007","2007","kg/ha","53209.2","A","Official value",""
"QCL","Crops and livestock products","586","Pakistan","5510","Production","01802","Sugar cane","2007","2007","t","54741600","A","Official value",""
"QCL","Crops and livestock products","586","Pakistan","5312","Area harvested","01802","Sugar cane","2008","2008","ha","1241300","A","Official value",""
"QCL","Crops and livestock products","586","Pakistan","5412","Yield","01802","Sugar cane","2008","2008","kg/ha","51494.4","A","Official value",""
"QCL","Crops and livestock products","586","Pakistan","5510","Production","01802","Sugar cane","2008","2008","t","63920000","A","Official value",""
"QCL","Crops and livestock products","586","Pakistan","5312","Area harvested","01802","Sugar cane","2009","2009","ha","1029400","A","Official value",""
"QCL","Crops and livestock products","586","Pakistan","5412","Yield","01802","Sugar cane","2009","2009","kg/ha","48616.1","A","Official value",""
"QCL","Crops and livestock products","586","Pakistan","5510","Production","01802","Sugar cane","2009","2009","t","50045400","A","Official value",""
"QCL","Crops and livestock products","586","Pakistan","5312","Area harvested","01802","Sugar cane","2010","2010","ha","942800","A","Official value",""
"QCL","Crops and livestock products","586","Pakistan","5412","Yield","01802","Sugar cane","2010","2010","kg/ha","52368.4","A","Official value",""
"QCL","Crops and livestock products","586","Pakistan","5510","Production","01802","Sugar cane","2010","2010","t","49372900","A","Official value",""
"QCL","Crops and livestock products","586","Pakistan","5312","Area harvested","01802","Sugar cane","2011","2011","ha","987700","A","Official value",""
"QCL","Crops and livestock products","586","Pakistan","5412","Yield","01802","Sugar cane","2011","2011","kg/ha","55997.3","A","Official value",""
"QCL","Crops and livestock products","586","Pakistan","5510","Production","01802","Sugar cane","2011","2011","t","55308500","A","Official value",""
"QCL","Crops and livestock products","586","Pakistan","5312","Area harvested","01802","Sugar cane","2012","2012","ha","1057600","A","Official value",""
"QCL","Crops and livestock products","586","Pakistan","5412","Yield","01802","Sugar cane","2012","2012","kg/ha","55216.5","A","Official value",""
"QCL","Crops and livestock products","586","Pakistan","5510","Production","01802","Sugar cane","2012","2012","t","58397000","A","Official value",""
"QCL","Crops and livestock products","586","Pakistan","5312","Area harvested","01802","Sugar cane","2013","2013","ha","1172352","A","Official value",""
"QCL","Crops and livestock products","586","Pakistan","5412","Yield","01802","Sugar cane","2013","2013","kg/ha","57542.5","A","Official value",""
"QCL","Crops and livestock products","586","Pakistan","5510","Production","01802","Sugar cane","2013","2013","t","67460094","A","Official value",""
"QCL","Crops and livestock products","586","Pakistan","5312","Area harvested","01802","Sugar cane","2014","2014","ha","1140492","A","Official value",""
"QCL","Crops and livestock products","586","Pakistan","5412","Yield","01802","Sugar cane","2014","2014","kg/ha","55087.2","A","Official value",""
"QCL","Crops and livestock products","586","Pakistan","5510","Production","01802","Sugar cane","2014","2014","t","62826458","A","Official value",""
"QCL","Crops and livestock products","586","Pakistan","5312","Area harvested","01802","Sugar cane","2015","2015","ha","1131476","A","Official value",""
"QCL","Crops and livestock products","586","Pakistan","5412","Yield","01802","Sugar cane","2015","2015","kg/ha","57873.4","A","Official value",""
"QCL","Crops and livestock products","586","Pakistan","5510","Production","01802","Sugar cane","2015","2015","t","65482334","A","Official value",""
"QCL","Crops and livestock products","586","Pakistan","5312","Area harvested","01802","Sugar cane","2016","2016","ha","1217508","A","Official value",""
"QCL","Crops and livestock products","586","Pakistan","5412","Yield","01802","Sugar cane","2016","2016","kg/ha","61997.3","A","Official value",""
"QCL","Crops and livestock products","586","Pakistan","5510","Production","01802","Sugar cane","2016","2016","t","75482253","A","Official value",""
"QCL","Crops and livestock products","586","Pakistan","5312","Area harvested","01802","Sugar cane","2017","2017","ha","1341781","A","Official value",""
"QCL","Crops and livestock products","586","Pakistan","5412","Yield","01802","Sugar cane","2017","2017","kg/ha","62106.1","A","Official value",""
"QCL","Crops and livestock products","586","Pakistan","5510","Production","01802","Sugar cane","2017","2017","t","83332740","A","Official value",""
"QCL","Crops and livestock products","586","Pakistan","5312","Area harvested","01802","Sugar cane","2018","2018","ha","1101946","A","Official value",""
"QCL","Crops and livestock products","586","Pakistan","5412","Yield","01802","Sugar cane","2018","2018","kg/ha","60959.4","A","Official value",""
"QCL","Crops and livestock products","586","Pakistan","5510","Production","01802","Sugar cane","2018","2018","t","67173975","A","Official value",""
"QCL","Crops and livestock products","586","Pakistan","5312","Area harvested","01802","Sugar cane","2019","2019","ha","1039769","A","Official value",""
"QCL","Crops and livestock products","586","Pakistan","5412","Yield","01802","Sugar cane","2019","2019","kg/ha","63840.7","A","Official value",""
"QCL","Crops and livestock products","586","Pakistan","5510","Production","01802","Sugar cane","2019","2019","t","66379581","A","Official value",""
"QCL","Crops and livestock products","586","Pakistan","5312","Area harvested","01802","Sugar cane","2020","2020","ha","1165030","A","Official value",""
"QCL","Crops and livestock products","586","Pakistan","5412","Yield","01802","Sugar cane","2020","2020","kg/ha","69534.1","A","Official value",""
"QCL","Crops and livestock products","586","Pakistan","5510","Production","01802","Sugar cane","2020","2020","t","81009261","A","Official value",""
"QCL","Crops and livestock products","586","Pakistan","5312","Area harvested","01802","Sugar cane","2021","2021","ha","1260291","A","Official value",""
"QCL","Crops and livestock products","586","Pakistan","5412","Yield","01802","Sugar cane","2021","2021","kg/ha","70341.4","A","Official value",""
"QCL","Crops and livestock products","586","Pakistan","5510","Production","01802","Sugar cane","2021","2021","t","88650593","A","Official value",""
"QCL","Crops and livestock products","586","Pakistan","5312","Area harvested","01802","Sugar cane","2022","2022","ha","1318837","A","Official value",""
"QCL","Crops and livestock products","586","Pakistan","5412","Yield","01802","Sugar cane","2022","2022","kg/ha","66711.2","A","Official value",""
"QCL","Crops and livestock products","586","Pakistan","5510","Production","01802","Sugar cane","2022","2022","t","87981135","A","Official value",""
"QCL","Crops and livestock products","586","Pakistan","5312","Area harvested","01802","Sugar cane","2023","2023","ha","1180280","A","Official value",""
"QCL","Crops and livestock products","586","Pakistan","5412","Yield","01802","Sugar cane","2023","2023","kg/ha","74251.6","A","Official value",""
"QCL","Crops and livestock products","586","Pakistan","5510","Production","01802","Sugar cane","2023","2023","t","87637669","A","Official value",""
"QCL","Crops and livestock products","586","Pakistan","5312","Area harvested","01802","Sugar cane","2024","2024","ha","1193092","A","Official value",""
"QCL","Crops and livestock products","586","Pakistan","5412","Yield","01802","Sugar cane","2024","2024","kg/ha","70602.6","A","Official value",""
"QCL","Crops and livestock products","586","Pakistan","5510","Production","01802","Sugar cane","2024","2024","t","84235451","A","Official value",""
"QCL","Crops and livestock products","586","Pakistan","5312","Area harvested","0111","Wheat","1961","1961","ha","4639000","A","Official value",""
"QCL","Crops and livestock products","586","Pakistan","5412","Yield","0111","Wheat","1961","1961","kg/ha","822.2","A","Official value",""
"QCL","Crops and livestock products","586","Pakistan","5510","Production","0111","Wheat","1961","1961","t","3814000","A","Official value",""
"QCL","Crops and livestock products","586","Pakistan","5312","Area harvested","0111","Wheat","1962","1962","ha","4923000","A","Official value",""
"QCL","Crops and livestock products","586","Pakistan","5412","Yield","0111","Wheat","1962","1962","kg/ha","817.8","A","Official value",""
"QCL","Crops and livestock products","586","Pakistan","5510","Production","0111","Wheat","1962","1962","t","4026000","A","Official value",""
"QCL","Crops and livestock products","586","Pakistan","5312","Area harvested","0111","Wheat","1963","1963","ha","5022000","A","Official value",""
"QCL","Crops and livestock products","586","Pakistan","5412","Yield","0111","Wheat","1963","1963","kg/ha","830.3","A","Official value",""
"QCL","Crops and livestock products","586","Pakistan","5510","Production","0111","Wheat","1963","1963","t","4170000","A","Official value",""
"QCL","Crops and livestock products","586","Pakistan","5312","Area harvested","0111","Wheat","1964","1964","ha","5019000","A","Official value",""
"QCL","Crops and livestock products","586","Pakistan","5412","Yield","0111","Wheat","1964","1964","kg/ha","829.2","A","Official value",""
"QCL","Crops and livestock products","586","Pakistan","5510","Production","0111","Wheat","1964","1964","t","4162000","A","Official value",""
"QCL","Crops and livestock products","586","Pakistan","5312","Area harvested","0111","Wheat","1965","1965","ha","5318000","A","Official value",""
"QCL","Crops and livestock products","586","Pakistan","5412","Yield","0111","Wheat","1965","1965","kg/ha","863.1","A","Official value",""
"QCL","Crops and livestock products","586","Pakistan","5510","Production","0111","Wheat","1965","1965","t","4590000","A","Official value",""
"QCL","Crops and livestock products","586","Pakistan","5312","Area harvested","0111","Wheat","1966","1966","ha","5155000","A","Official value",""
"QCL","Crops and livestock products","586","Pakistan","5412","Yield","0111","Wheat","1966","1966","kg/ha","759.7","A","Official value",""
"QCL","Crops and livestock products","586","Pakistan","5510","Production","0111","Wheat","1966","1966","t","3916000","A","Official value",""
"QCL","Crops and livestock products","586","Pakistan","5312","Area harvested","0111","Wheat","1967","1967","ha","5344000","A","Official value",""
"QCL","Crops and livestock products","586","Pakistan","5412","Yield","0111","Wheat","1967","1967","kg/ha","811","A","Official value",""
"QCL","Crops and livestock products","586","Pakistan","5510","Production","0111","Wheat","1967","1967","t","4334000","A","Official value",""
"QCL","Crops and livestock products","586","Pakistan","5312","Area harvested","0111","Wheat","1968","1968","ha","5983000","A","Official value",""
"QCL","Crops and livestock products","586","Pakistan","5412","Yield","0111","Wheat","1968","1968","kg/ha","1072.7","A","Official value",""
"QCL","Crops and livestock products","586","Pakistan","5510","Production","0111","Wheat","1968","1968","t","6418000","A","Official value",""
"QCL","Crops and livestock products","586","Pakistan","5312","Area harvested","0111","Wheat","1969","1969","ha","6160000","A","Official value",""
"QCL","Crops and livestock products","586","Pakistan","5412","Yield","0111","Wheat","1969","1969","kg/ha","1074.4","A","Official value",""
"QCL","Crops and livestock products","586","Pakistan","5510","Production","0111","Wheat","1969","1969","t","6618000","A","Official value",""
"QCL","Crops and livestock products","586","Pakistan","5312","Area harvested","0111","Wheat","1970","1970","ha","6229000","A","Official value",""
"QCL","Crops and livestock products","586","Pakistan","5412","Yield","0111","Wheat","1970","1970","kg/ha","1171","A","Official value",""
"QCL","Crops and livestock products","586","Pakistan","5510","Production","0111","Wheat","1970","1970","t","7294000","A","Official value",""
"QCL","Crops and livestock products","586","Pakistan","5312","Area harvested","0111","Wheat","1971","1971","ha","5977609","A","Official value",""
"QCL","Crops and livestock products","586","Pakistan","5412","Yield","0111","Wheat","1971","1971","kg/ha","1083.3","A","Official value",""
"QCL","Crops and livestock products","586","Pakistan","5510","Production","0111","Wheat","1971","1971","t","6475693","A","Official value",""
"QCL","Crops and livestock products","586","Pakistan","5312","Area harvested","0111","Wheat","1972","1972","ha","5797000","A","Official value",""
"QCL","Crops and livestock products","586","Pakistan","5412","Yield","0111","Wheat","1972","1972","kg/ha","1188.7","A","Official value",""
"QCL","Crops and livestock products","586","Pakistan","5510","Production","0111","Wheat","1972","1972","t","6890851","A","Official value",""
"QCL","Crops and livestock products","586","Pakistan","5312","Area harvested","0111","Wheat","1973","1973","ha","5970649","A","Official value",""
"QCL","Crops and livestock products","586","Pakistan","5412","Yield","0111","Wheat","1973","1973","kg/ha","1246.5","A","Official value",""
"QCL","Crops and livestock products","586","Pakistan","5510","Production","0111","Wheat","1973","1973","t","7442570","A","Official value",""
"QCL","Crops and livestock products","586","Pakistan","5312","Area harvested","0111","Wheat","1974","1974","ha","6112691","A","Official value",""
"QCL","Crops and livestock products","586","Pakistan","5412","Yield","0111","Wheat","1974","1974","kg/ha","1248","A","Official value",""
"QCL","Crops and livestock products","586","Pakistan","5510","Production","0111","Wheat","1974","1974","t","7628503","A","Official value",""
"QCL","Crops and livestock products","586","Pakistan","5312","Area harvested","0111","Wheat","1975","1975","ha","5812310","A","Official value",""
"QCL","Crops and livestock products","586","Pakistan","5412","Yield","0111","Wheat","1975","1975","kg/ha","1320.2","A","Official value",""
"QCL","Crops and livestock products","586","Pakistan","5510","Production","0111","Wheat","1975","1975","t","7673440","A","Official value",""
"QCL","Crops and livestock products","586","Pakistan","5312","Area harvested","0111","Wheat","1976","1976","ha","6110599","A","Official value",""
"QCL","Crops and livestock products","586","Pakistan","5412","Yield","0111","Wheat","1976","1976","kg/ha","1422.2","A","Official value",""
"QCL","Crops and livestock products","586","Pakistan","5510","Production","0111","Wheat","1976","1976","t","8690713","A","Official value",""
"QCL","Crops and livestock products","586","Pakistan","5312","Area harvested","0111","Wheat","1977","1977","ha","6390069","A","Official value",""
"QCL","Crops and livestock products","586","Pakistan","5412","Yield","0111","Wheat","1977","1977","kg/ha","1431","A","Official value",""
"QCL","Crops and livestock products","586","Pakistan","5510","Production","0111","Wheat","1977","1977","t","9143873","A","Official value",""
"QCL","Crops and livestock products","586","Pakistan","5312","Area harvested","0111","Wheat","1978","1978","ha","6360000","A","Official value",""
"QCL","Crops and livestock products","586","Pakistan","5412","Yield","0111","Wheat","1978","1978","kg/ha","1315.6","A","Official value",""
"QCL","Crops and livestock products","586","Pakistan","5510","Production","0111","Wheat","1978","1978","t","8367200","A","Official value",""
"QCL","Crops and livestock products","586","Pakistan","5312","Area harvested","0111","Wheat","1979","1979","ha","6687100","A","Official value",""
"QCL","Crops and livestock products","586","Pakistan","5412","Yield","0111","Wheat","1979","1979","kg/ha","1487.9","A","Official value",""
"QCL","Crops and livestock products","586","Pakistan","5510","Production","0111","Wheat","1979","1979","t","9950000","A","Official value",""
"QCL","Crops and livestock products","586","Pakistan","5312","Area harvested","0111","Wheat","1980","1980","ha","6923700","A","Official value",""
"QCL","Crops and livestock products","586","Pakistan","5412","Yield","0111","Wheat","1980","1980","kg/ha","1568","A","Official value",""
"QCL","Crops and livestock products","586","Pakistan","5510","Production","0111","Wheat","1980","1980","t","10856500","A","Official value",""
"QCL","Crops and livestock products","586","Pakistan","5312","Area harvested","0111","Wheat","1981","1981","ha","6983700","A","Official value",""
"QCL","Crops and livestock products","586","Pakistan","5412","Yield","0111","Wheat","1981","1981","kg/ha","1643.1","A","Official value",""
"QCL","Crops and livestock products","586","Pakistan","5510","Production","0111","Wheat","1981","1981","t","11474600","A","Official value",""
"QCL","Crops and livestock products","586","Pakistan","5312","Area harvested","0111","Wheat","1982","1982","ha","7222900","A","Official value",""
"QCL","Crops and livestock products","586","Pakistan","5412","Yield","0111","Wheat","1982","1982","kg/ha","1565.1","A","Official value",""
"QCL","Crops and livestock products","586","Pakistan","5510","Production","0111","Wheat","1982","1982","t","11304200","A","Official value",""
"QCL","Crops and livestock products","586","Pakistan","5312","Area harvested","0111","Wheat","1983","1983","ha","7397900","A","Official value",""
"QCL","Crops and livestock products","586","Pakistan","5412","Yield","0111","Wheat","1983","1983","kg/ha","1678.1","A","Official value",""
"QCL","Crops and livestock products","586","Pakistan","5510","Production","0111","Wheat","1983","1983","t","12414400","A","Official value",""
"QCL","Crops and livestock products","586","Pakistan","5312","Area harvested","0111","Wheat","1984","1984","ha","7343200","A","Official value",""
"QCL","Crops and livestock products","586","Pakistan","5412","Yield","0111","Wheat","1984","1984","kg/ha","1481.9","A","Official value",""
"QCL","Crops and livestock products","586","Pakistan","5510","Production","0111","Wheat","1984","1984","t","10881900","A","Official value",""
"QCL","Crops and livestock products","586","Pakistan","5312","Area harvested","0111","Wheat","1985","1985","ha","7258500","A","Official value",""
"QCL","Crops and livestock products","586","Pakistan","5412","Yield","0111","Wheat","1985","1985","kg/ha","1612.3","A","Official value",""
"QCL","Crops and livestock products","586","Pakistan","5510","Production","0111","Wheat","1985","1985","t","11703000","A","Official value",""
"QCL","Crops and livestock products","586","Pakistan","5312","Area harvested","0111","Wheat","1986","1986","ha","7403300","A","Official value",""
"QCL","Crops and livestock products","586","Pakistan","5412","Yield","0111","Wheat","1986","1986","kg/ha","1880.6","A","Official value",""
"QCL","Crops and livestock products","586","Pakistan","5510","Production","0111","Wheat","1986","1986","t","13923000","A","Official value",""
"QCL","Crops and livestock products","586","Pakistan","5312","Area harvested","0111","Wheat","1987","1987","ha","7706200","A","Official value",""
"QCL","Crops and livestock products","586","Pakistan","5412","Yield","0111","Wheat","1987","1987","kg/ha","1559.3","A","Official value",""
"QCL","Crops and livestock products","586","Pakistan","5510","Production","0111","Wheat","1987","1987","t","12015900","A","Official value",""
"QCL","Crops and livestock products","586","Pakistan","5312","Area harvested","0111","Wheat","1988","1988","ha","7308400","A","Official value",""
"QCL","Crops and livestock products","586","Pakistan","5412","Yield","0111","Wheat","1988","1988","kg/ha","1734.3","A","Official value",""
"QCL","Crops and livestock products","586","Pakistan","5510","Production","0111","Wheat","1988","1988","t","12675100","A","Official value",""
"QCL","Crops and livestock products","586","Pakistan","5312","Area harvested","0111","Wheat","1989","1989","ha","7729600","A","Official value",""
"QCL","Crops and livestock products","586","Pakistan","5412","Yield","0111","Wheat","1989","1989","kg/ha","1865.5","A","Official value",""
"QCL","Crops and livestock products","586","Pakistan","5510","Production","0111","Wheat","1989","1989","t","14419200","A","Official value",""
"QCL","Crops and livestock products","586","Pakistan","5312","Area harvested","0111","Wheat","1990","1990","ha","7844500","A","Official value",""
"QCL","Crops and livestock products","586","Pakistan","5412","Yield","0111","Wheat","1990","1990","kg/ha","1824.9","A","Official value",""
"QCL","Crops and livestock products","586","Pakistan","5510","Production","0111","Wheat","1990","1990","t","14315500","A","Official value",""
"QCL","Crops and livestock products","586","Pakistan","5312","Area harvested","0111","Wheat","1991","1991","ha","7911400","A","Official value",""
"QCL","Crops and livestock products","586","Pakistan","5412","Yield","0111","Wheat","1991","1991","kg/ha","1841","A","Official value",""
"QCL","Crops and livestock products","586","Pakistan","5510","Production","0111","Wheat","1991","1991","t","14565000","A","Official value",""
"QCL","Crops and livestock products","586","Pakistan","5312","Area harvested","0111","Wheat","1992","1992","ha","7877600","A","Official value",""
"QCL","Crops and livestock products","586","Pakistan","5412","Yield","0111","Wheat","1992","1992","kg/ha","1991","A","Official value",""
"QCL","Crops and livestock products","586","Pakistan","5510","Production","0111","Wheat","1992","1992","t","15684200","A","Official value",""
"QCL","Crops and livestock products","586","Pakistan","5312","Area harvested","0111","Wheat","1993","1993","ha","8299700","A","Official value",""
"QCL","Crops and livestock products","586","Pakistan","5412","Yield","0111","Wheat","1993","1993","kg/ha","1946.6","A","Official value",""
"QCL","Crops and livestock products","586","Pakistan","5510","Production","0111","Wheat","1993","1993","t","16156500","A","Official value",""
"QCL","Crops and livestock products","586","Pakistan","5312","Area harvested","0111","Wheat","1994","1994","ha","8034200","A","Official value",""
"QCL","Crops and livestock products","586","Pakistan","5412","Yield","0111","Wheat","1994","1994","kg/ha","1893.5","A","Official value",""
"QCL","Crops and livestock products","586","Pakistan","5510","Production","0111","Wheat","1994","1994","t","15213000","A","Official value",""
"QCL","Crops and livestock products","586","Pakistan","5312","Area harvested","0111","Wheat","1995","1995","ha","8169800","A","Official value",""
"QCL","Crops and livestock products","586","Pakistan","5412","Yield","0111","Wheat","1995","1995","kg/ha","2081.1","A","Official value",""
"QCL","Crops and livestock products","586","Pakistan","5510","Production","0111","Wheat","1995","1995","t","17002400","A","Official value",""
"QCL","Crops and livestock products","586","Pakistan","5312","Area harvested","0111","Wheat","1996","1996","ha","8376500","A","Official value",""
"QCL","Crops and livestock products","586","Pakistan","5412","Yield","0111","Wheat","1996","1996","kg/ha","2018.4","A","Official value",""
"QCL","Crops and livestock products","586","Pakistan","5510","Production","0111","Wheat","1996","1996","t","16907400","A","Official value",""
"QCL","Crops and livestock products","586","Pakistan","5312","Area harvested","0111","Wheat","1997","1997","ha","8109100","A","Official value",""
"QCL","Crops and livestock products","586","Pakistan","5412","Yield","0111","Wheat","1997","1997","kg/ha","2053.3","A","Official value",""
"QCL","Crops and livestock products","586","Pakistan","5510","Production","0111","Wheat","1997","1997","t","16650500","A","Official value",""
"QCL","Crops and livestock products","586","Pakistan","5312","Area harvested","0111","Wheat","1998","1998","ha","8354600","A","Official value",""
"QCL","Crops and livestock products","586","Pakistan","5412","Yield","0111","Wheat","1998","1998","kg/ha","2237.6","A","Official value",""
"QCL","Crops and livestock products","586","Pakistan","5510","Production","0111","Wheat","1998","1998","t","18694000","A","Official value",""
"QCL","Crops and livestock products","586","Pakistan","5312","Area harvested","0111","Wheat","1999","1999","ha","8229900","A","Official value",""
"QCL","Crops and livestock products","586","Pakistan","5412","Yield","0111","Wheat","1999","1999","kg/ha","2169.8","A","Official value",""
"QCL","Crops and livestock products","586","Pakistan","5510","Production","0111","Wheat","1999","1999","t","17857600","A","Official value",""
"QCL","Crops and livestock products","586","Pakistan","5312","Area harvested","0111","Wheat","2000","2000","ha","8463000","A","Official value",""
"QCL","Crops and livestock products","586","Pakistan","5412","Yield","0111","Wheat","2000","2000","kg/ha","2490.7","A","Official value",""
"QCL","Crops and livestock products","586","Pakistan","5510","Production","0111","Wheat","2000","2000","t","21078600","A","Official value",""
"QCL","Crops and livestock products","586","Pakistan","5312","Area harvested","0111","Wheat","2001","2001","ha","8180800","A","Official value",""
"QCL","Crops and livestock products","586","Pakistan","5412","Yield","0111","Wheat","2001","2001","kg/ha","2325.4","A","Official value",""
"QCL","Crops and livestock products","586","Pakistan","5510","Production","0111","Wheat","2001","2001","t","19023700","A","Official value",""
"QCL","Crops and livestock products","586","Pakistan","5312","Area harvested","0111","Wheat","2002","2002","ha","8057500","A","Official value",""
"QCL","Crops and livestock products","586","Pakistan","5412","Yield","0111","Wheat","2002","2002","kg/ha","2262.1","A","Official value",""
"QCL","Crops and livestock products","586","Pakistan","5510","Production","0111","Wheat","2002","2002","t","18226500","A","Official value",""
"QCL","Crops and livestock products","586","Pakistan","5312","Area harvested","0111","Wheat","2003","2003","ha","8033900","A","Official value",""
"QCL","Crops and livestock products","586","Pakistan","5412","Yield","0111","Wheat","2003","2003","kg/ha","2387.8","A","Official value",""
"QCL","Crops and livestock products","586","Pakistan","5510","Production","0111","Wheat","2003","2003","t","19183300","A","Official value",""
"QCL","Crops and livestock products","586","Pakistan","5312","Area harvested","0111","Wheat","2004","2004","ha","8216200","A","Official value",""
"QCL","Crops and livestock products","586","Pakistan","5412","Yield","0111","Wheat","2004","2004","kg/ha","2373.3","A","Official value",""
"QCL","Crops and livestock products","586","Pakistan","5510","Production","0111","Wheat","2004","2004","t","19499800","A","Official value",""
"QCL","Crops and livestock products","586","Pakistan","5312","Area harvested","0111","Wheat","2005","2005","ha","8358000","A","Official value",""
"QCL","Crops and livestock products","586","Pakistan","5412","Yield","0111","Wheat","2005","2005","kg/ha","2585.8","A","Official value",""
"QCL","Crops and livestock products","586","Pakistan","5510","Production","0111","Wheat","2005","2005","t","21612300","A","Official value",""
"QCL","Crops and livestock products","586","Pakistan","5312","Area harvested","0111","Wheat","2006","2006","ha","8447900","A","Official value",""
"QCL","Crops and livestock products","586","Pakistan","5412","Yield","0111","Wheat","2006","2006","kg/ha","2518.6","A","Official value",""
"QCL","Crops and livestock products","586","Pakistan","5510","Production","0111","Wheat","2006","2006","t","21276900","A","Official value",""
"QCL","Crops and livestock products","586","Pakistan","5312","Area harvested","0111","Wheat","2007","2007","ha","8578000","A","Official value",""
"QCL","Crops and livestock products","586","Pakistan","5412","Yield","0111","Wheat","2007","2007","kg/ha","2715.6","A","Official value",""
"QCL","Crops and livestock products","586","Pakistan","5510","Production","0111","Wheat","2007","2007","t","23294600","A","Official value",""
"QCL","Crops and livestock products","586","Pakistan","5312","Area harvested","0111","Wheat","2008","2008","ha","8549800","A","Official value",""
"QCL","Crops and livestock products","586","Pakistan","5412","Yield","0111","Wheat","2008","2008","kg/ha","2451.4","A","Official value",""
"QCL","Crops and livestock products","586","Pakistan","5510","Production","0111","Wheat","2008","2008","t","20958800","A","Official value",""
"QCL","Crops and livestock products","586","Pakistan","5312","Area harvested","0111","Wheat","2009","2009","ha","9046000","A","Official value",""
"QCL","Crops and livestock products","586","Pakistan","5412","Yield","0111","Wheat","2009","2009","kg/ha","2656.8","A","Official value",""
"QCL","Crops and livestock products","586","Pakistan","5510","Production","0111","Wheat","2009","2009","t","24033000","A","Official value",""
"QCL","Crops and livestock products","586","Pakistan","5312","Area harvested","0111","Wheat","2010","2010","ha","9131600","A","Official value",""
"QCL","Crops and livestock products","586","Pakistan","5412","Yield","0111","Wheat","2010","2010","kg/ha","2552.8","A","Official value",""
"QCL","Crops and livestock products","586","Pakistan","5510","Production","0111","Wheat","2010","2010","t","23310800","A","Official value",""
"QCL","Crops and livestock products","586","Pakistan","5312","Area harvested","0111","Wheat","2011","2011","ha","8900700","A","Official value",""
"QCL","Crops and livestock products","586","Pakistan","5412","Yield","0111","Wheat","2011","2011","kg/ha","2832.8","A","Official value",""
"QCL","Crops and livestock products","586","Pakistan","5510","Production","0111","Wheat","2011","2011","t","25213800","A","Official value",""
"QCL","Crops and livestock products","586","Pakistan","5312","Area harvested","0111","Wheat","2012","2012","ha","8649800","A","Official value",""
"QCL","Crops and livestock products","586","Pakistan","5412","Yield","0111","Wheat","2012","2012","kg/ha","2713.8","A","Official value",""
"QCL","Crops and livestock products","586","Pakistan","5510","Production","0111","Wheat","2012","2012","t","23473400","A","Official value",""
"QCL","Crops and livestock products","586","Pakistan","5312","Area harvested","0111","Wheat","2013","2013","ha","8660077","A","Official value",""
"QCL","Crops and livestock products","586","Pakistan","5412","Yield","0111","Wheat","2013","2013","kg/ha","2795.7","A","Official value",""
"QCL","Crops and livestock products","586","Pakistan","5510","Production","0111","Wheat","2013","2013","t","24211360","A","Official value",""
"QCL","Crops and livestock products","586","Pakistan","5312","Area harvested","0111","Wheat","2014","2014","ha","9199318","A","Official value",""
"QCL","Crops and livestock products","586","Pakistan","5412","Yield","0111","Wheat","2014","2014","kg/ha","2824.1","A","Official value",""
"QCL","Crops and livestock products","586","Pakistan","5510","Production","0111","Wheat","2014","2014","t","25979399","A","Official value",""
"QCL","Crops and livestock products","586","Pakistan","5312","Area harvested","0111","Wheat","2015","2015","ha","9203874","A","Official value",""
"QCL","Crops and livestock products","586","Pakistan","5412","Yield","0111","Wheat","2015","2015","kg/ha","2725.6","A","Official value",""
"QCL","Crops and livestock products","586","Pakistan","5510","Production","0111","Wheat","2015","2015","t","25086174","A","Official value",""
"QCL","Crops and livestock products","586","Pakistan","5312","Area harvested","0111","Wheat","2016","2016","ha","9223723","A","Official value",""
"QCL","Crops and livestock products","586","Pakistan","5412","Yield","0111","Wheat","2016","2016","kg/ha","2779","A","Official value",""
"QCL","Crops and livestock products","586","Pakistan","5510","Production","0111","Wheat","2016","2016","t","25633028","A","Official value",""
"QCL","Crops and livestock products","586","Pakistan","5312","Area harvested","0111","Wheat","2017","2017","ha","8972422","A","Official value",""
"QCL","Crops and livestock products","586","Pakistan","5412","Yield","0111","Wheat","2017","2017","kg/ha","2972.9","A","Official value",""
"QCL","Crops and livestock products","586","Pakistan","5510","Production","0111","Wheat","2017","2017","t","26673703","A","Official value",""
"QCL","Crops and livestock products","586","Pakistan","5312","Area harvested","0111","Wheat","2018","2018","ha","8797227","A","Official value",""
"QCL","Crops and livestock products","586","Pakistan","5412","Yield","0111","Wheat","2018","2018","kg/ha","2850.5","A","Official value",""
"QCL","Crops and livestock products","586","Pakistan","5510","Production","0111","Wheat","2018","2018","t","25076149","A","Official value",""
"QCL","Crops and livestock products","586","Pakistan","5312","Area harvested","0111","Wheat","2019","2019","ha","8677730","A","Official value",""
"QCL","Crops and livestock products","586","Pakistan","5412","Yield","0111","Wheat","2019","2019","kg/ha","2805.9","A","Official value",""
"QCL","Crops and livestock products","586","Pakistan","5510","Production","0111","Wheat","2019","2019","t","24348983","A","Official value",""
"QCL","Crops and livestock products","586","Pakistan","5312","Area harvested","0111","Wheat","2020","2020","ha","8804677","A","Official value",""
"QCL","Crops and livestock products","586","Pakistan","5412","Yield","0111","Wheat","2020","2020","kg/ha","2867.5","A","Official value",""
"QCL","Crops and livestock products","586","Pakistan","5510","Production","0111","Wheat","2020","2020","t","25247511","A","Official value",""
"QCL","Crops and livestock products","586","Pakistan","5312","Area harvested","0111","Wheat","2021","2021","ha","9168249","A","Official value",""
"QCL","Crops and livestock products","586","Pakistan","5412","Yield","0111","Wheat","2021","2021","kg/ha","2995.6","A","Official value",""
"QCL","Crops and livestock products","586","Pakistan","5510","Production","0111","Wheat","2021","2021","t","27464081","A","Official value",""
"QCL","Crops and livestock products","586","Pakistan","5312","Area harvested","0111","Wheat","2022","2022","ha","8976900","A","Official value",""
"QCL","Crops and livestock products","586","Pakistan","5412","Yield","0111","Wheat","2022","2022","kg/ha","2919.6","A","Official value",""
"QCL","Crops and livestock products","586","Pakistan","5510","Production","0111","Wheat","2022","2022","t","26208672","A","Official value",""
"QCL","Crops and livestock products","586","Pakistan","5312","Area harvested","0111","Wheat","2023","2023","ha","9032688","A","Official value",""
"QCL","Crops and livestock products","586","Pakistan","5412","Yield","0111","Wheat","2023","2023","kg/ha","3117.6","A","Official value",""
"QCL","Crops and livestock products","586","Pakistan","5510","Production","0111","Wheat","2023","2023","t","28160527","A","Official value",""
"QCL","Crops and livestock products","586","Pakistan","5312","Area harvested","0111","Wheat","2024","2024","ha","9734249","A","Official value",""
"QCL","Crops and livestock products","586","Pakistan","5412","Yield","0111","Wheat","2024","2024","kg/ha","3268.3","A","Official value",""
"QCL","Crops and livestock products","586","Pakistan","5510","Production","0111","Wheat","2024","2024","t","31814444","A","Official value",""
